arm,iteration,n_rounds,n_patients,share_clean_rounds,bw_bt,bw_bt_lo,bw_bt_hi,bw_bt_clean,allpairs_bt,allpairs_bt_lo,allpairs_bt_hi,allpairs_bt_clean,rho_bt,rho_bt_lo,rho_bt_hi,rho_bt_clean,bw_meandiff,bw_meandiff_lo,bw_meandiff_hi,bw_meandiff_clean,allpairs_meandiff,allpairs_meandiff_lo,allpairs_meandiff_hi,allpairs_meandiff_clean,rho_meandiff,rho_meandiff_lo,rho_meandiff_hi,rho_meandiff_clean,bw_ridge,bw_ridge_lo,bw_ridge_hi,bw_ridge_clean,allpairs_ridge,allpairs_ridge_lo,allpairs_ridge_hi,allpairs_ridge_clean,rho_ridge,rho_ridge_lo,rho_ridge_hi,rho_ridge_clean,bw_advmean,bw_advmean_lo,bw_advmean_hi,bw_advmean_clean,allpairs_advmean,allpairs_advmean_lo,allpairs_advmean_hi,allpairs_advmean_clean,rho_advmean,rho_advmean_lo,rho_advmean_hi,rho_advmean_clean,bw_length,allpairs_length,rho_length,cos_bt_ridge,reliability_bt,reliability_ridge
GRPO_K0,1,1660,85,0.4235,0.7449,0.7101,0.7787,0.6735,0.6247,0.6054,0.6428,0.5812,0.2686,0.2278,0.3079,0.1736,0.7163,0.6801,0.7549,0.6558,0.607,0.5864,0.6252,0.5672,0.232,0.1906,0.2745,0.146,0.7617,0.7261,0.8006,0.7006,0.6284,0.6074,0.6475,0.5868,0.2767,0.2369,0.3176,0.1866,0.7184,0.6817,0.7521,0.655,0.6089,0.5903,0.6277,0.5704,0.2351,0.1938,0.2762,0.1508,0.3482,0.4271,-0.157,0.901,0.4298,0.5108
GRPO_K0,2,729,83,0.5597,0.7325,0.6964,0.7722,0.6863,0.6145,0.5959,0.634,0.5964,0.2476,0.2086,0.2883,0.2087,0.7421,0.7079,0.7752,0.701,0.6084,0.5892,0.6288,0.5899,0.2381,0.1975,0.2791,0.1987,0.7517,0.7174,0.7888,0.7132,0.6187,0.5992,0.6378,0.6017,0.2552,0.2179,0.2945,0.2189,0.7284,0.6938,0.7649,0.6765,0.6095,0.5911,0.6287,0.5906,0.2396,0.2013,0.2779,0.1993,0.393,0.4592,-0.0973,0.8891,0.3715,0.441
GRPO_K0,3,1858,89,0.7196,0.7322,0.706,0.7603,0.7027,0.6166,0.6037,0.6302,0.6012,0.2459,0.216,0.2771,0.2144,0.7242,0.6939,0.7506,0.6975,0.6104,0.5973,0.6238,0.596,0.2334,0.206,0.2629,0.2031,0.7382,0.7094,0.7663,0.7132,0.6198,0.6071,0.6332,0.6037,0.253,0.2233,0.2812,0.2209,0.7263,0.6983,0.7573,0.6982,0.6097,0.5965,0.6228,0.5956,0.2324,0.2033,0.2615,0.2028,0.4914,0.5116,0.0276,0.9009,0.419,0.5204
GRPO_K0,4,1539,89,0.7719,0.6914,0.6584,0.7214,0.6616,0.5945,0.5821,0.6064,0.58,0.1949,0.1733,0.2163,0.1662,0.6686,0.6425,0.6967,0.633,0.5811,0.5685,0.5948,0.5638,0.1679,0.1421,0.1947,0.1331,0.6998,0.6706,0.7286,0.6667,0.5963,0.5853,0.6087,0.5821,0.2004,0.1793,0.222,0.1713,0.6647,0.6377,0.6928,0.6288,0.5806,0.5673,0.5947,0.5639,0.1677,0.1406,0.1962,0.1341,0.4591,0.4834,-0.0345,0.891,0.4278,0.5165
GRPO_K0,5,1789,91,0.8709,0.6562,0.6326,0.6817,0.6374,0.58,0.5695,0.5915,0.5715,0.1597,0.14,0.1797,0.1436,0.6227,0.5941,0.651,0.604,0.5529,0.5398,0.5674,0.5447,0.1069,0.0819,0.1328,0.0899,0.6518,0.6292,0.6767,0.6393,0.5856,0.5747,0.5966,0.5778,0.1701,0.1519,0.1904,0.1546,0.6143,0.5876,0.6419,0.5969,0.555,0.542,0.5694,0.5473,0.1091,0.0862,0.1353,0.093,0.5117,0.4987,-0.0005,0.9014,0.415,0.4971
GRPO_K0,6,1299,90,0.8483,0.6405,0.6136,0.6703,0.6298,0.5629,0.5515,0.575,0.5543,0.1318,0.109,0.1553,0.1154,0.6128,0.5786,0.6508,0.5971,0.5582,0.5425,0.5732,0.5487,0.117,0.0884,0.1472,0.0975,0.6413,0.6095,0.6747,0.6289,0.5633,0.5504,0.5776,0.5537,0.1307,0.1062,0.1574,0.1125,0.6135,0.576,0.6538,0.5989,0.5557,0.5403,0.5754,0.5457,0.1112,0.0789,0.1474,0.0907,0.4811,0.4977,-0.0049,0.8988,0.3416,0.3499
GRPO_K0,7,1965,91,0.8651,0.6616,0.6354,0.6877,0.6518,0.5743,0.5621,0.5868,0.5693,0.1502,0.1286,0.1713,0.1396,0.6092,0.5658,0.648,0.5947,0.5552,0.5345,0.5747,0.5514,0.1097,0.0735,0.1481,0.1022,0.6672,0.6388,0.6941,0.6588,0.5775,0.5641,0.5921,0.5728,0.1569,0.1317,0.1814,0.1475,0.6071,0.5654,0.6471,0.5929,0.5566,0.5353,0.5762,0.5534,0.1135,0.0713,0.1549,0.1071,0.5494,0.5123,0.0313,0.9129,0.4253,0.4854
GRPO_K0,8,1203,90,0.8761,0.6916,0.6513,0.7299,0.685,0.5819,0.5637,0.6015,0.5777,0.169,0.1304,0.2069,0.1608,0.6509,0.6062,0.6979,0.6499,0.5735,0.5459,0.6022,0.5711,0.1418,0.0815,0.1937,0.1378,0.6883,0.6481,0.7259,0.686,0.5824,0.5632,0.6024,0.5806,0.1648,0.1266,0.207,0.1605,0.6467,0.5947,0.6967,0.6442,0.5717,0.5448,0.5995,0.5698,0.1398,0.0909,0.1954,0.1366,0.5989,0.5383,0.0723,0.8964,0.3692,0.3626
GRPO_K0,9,1200,90,0.88,0.6433,0.6076,0.6812,0.643,0.5721,0.5568,0.5881,0.5723,0.1566,0.1235,0.1913,0.1572,0.6433,0.6059,0.6781,0.6496,0.565,0.548,0.5823,0.5691,0.1441,0.1084,0.1776,0.1514,0.6642,0.6256,0.6982,0.6657,0.5782,0.5623,0.5961,0.5799,0.1694,0.1321,0.2024,0.1714,0.6383,0.6017,0.6746,0.6439,0.566,0.549,0.5814,0.5703,0.1465,0.1098,0.1794,0.1547,0.3833,0.4396,-0.1355,0.8986,0.3291,0.3926
GRPO_K0,10,2484,91,0.9408,0.7355,0.7065,0.7616,0.7266,0.6194,0.6051,0.6334,0.616,0.259,0.2275,0.2892,0.2501,0.6948,0.6591,0.7292,0.6872,0.5965,0.5806,0.6136,0.5931,0.2053,0.1677,0.2392,0.1968,0.7419,0.7125,0.7703,0.7334,0.6252,0.6108,0.6386,0.6215,0.2731,0.2422,0.3003,0.2636,0.7017,0.6688,0.7326,0.6941,0.5985,0.5808,0.6155,0.5952,0.2117,0.1756,0.245,0.2033,0.5934,0.5374,0.0845,0.9295,0.6155,0.7261
GRPO_K5,1,846,83,0.4574,0.5946,0.5576,0.6343,0.5543,0.5449,0.5305,0.5601,0.5229,0.1094,0.0711,0.1475,0.0598,0.6064,0.5649,0.6491,0.5736,0.5487,0.5327,0.5665,0.5269,0.1175,0.074,0.1581,0.0653,0.6229,0.5905,0.66,0.5827,0.5479,0.5319,0.563,0.5202,0.1178,0.0785,0.1557,0.057,0.6017,0.5632,0.6471,0.5736,0.549,0.532,0.5663,0.5277,0.1198,0.0734,0.1607,0.0712,0.4787,0.4835,-0.0371,0.8722,0.218,0.2764
GRPO_K5,2,1154,81,0.4948,0.6408,0.6105,0.6691,0.6042,0.5634,0.5501,0.5768,0.5465,0.1486,0.1198,0.1771,0.1146,0.6382,0.598,0.6763,0.5919,0.5661,0.551,0.5818,0.5435,0.1563,0.1213,0.1923,0.1083,0.6391,0.6033,0.6724,0.6016,0.5677,0.554,0.5808,0.5499,0.1603,0.1274,0.1907,0.1242,0.6412,0.6067,0.678,0.5911,0.5673,0.5525,0.5827,0.5441,0.1574,0.1208,0.1914,0.1075,0.4896,0.4996,0.0005,0.8539,0.1919,0.2724
GRPO_K5,3,1771,87,0.5731,0.6544,0.6289,0.6811,0.6276,0.5682,0.557,0.5802,0.5559,0.1619,0.1318,0.1918,0.1328,0.6584,0.6304,0.6847,0.6414,0.5625,0.5508,0.5742,0.5476,0.1504,0.1237,0.1789,0.1177,0.6674,0.6386,0.6926,0.6453,0.5739,0.563,0.5853,0.5637,0.1756,0.1483,0.2026,0.1537,0.6589,0.6315,0.6865,0.6374,0.563,0.551,0.5753,0.5482,0.1515,0.124,0.1824,0.1178,0.4969,0.5108,0.0251,0.8731,0.2506,0.3258
GRPO_K5,4,1684,90,0.7363,0.6603,0.6381,0.6849,0.6323,0.5713,0.5615,0.5813,0.5601,0.1626,0.1425,0.1844,0.1365,0.6591,0.6328,0.6875,0.6331,0.5696,0.5588,0.5819,0.5587,0.1566,0.1312,0.1844,0.1306,0.6692,0.6448,0.6957,0.6419,0.573,0.5621,0.584,0.5632,0.1664,0.1429,0.1912,0.1419,0.671,0.6435,0.6972,0.6468,0.5705,0.5593,0.5823,0.5596,0.1598,0.1348,0.1873,0.134,0.5246,0.5168,0.0389,0.8518,0.3064,0.3682
GRPO_K5,5,1396,90,0.8252,0.6605,0.6385,0.6835,0.6415,0.5678,0.558,0.579,0.5573,0.1421,0.1235,0.162,0.1208,0.6426,0.6178,0.6685,0.6259,0.5625,0.551,0.5747,0.5512,0.1302,0.1076,0.1516,0.1079,0.6526,0.6318,0.6757,0.6345,0.5705,0.5618,0.5796,0.5609,0.1485,0.1305,0.1692,0.1284,0.6554,0.6309,0.6809,0.6406,0.5619,0.551,0.5728,0.5504,0.1318,0.1106,0.1544,0.1095,0.5537,0.5272,0.0549,0.8621,0.3046,0.3741
GRPO_K5,6,1107,91,0.832,0.6034,0.5746,0.6331,0.5798,0.5474,0.5346,0.5622,0.5359,0.0928,0.0664,0.1215,0.0693,0.6107,0.5793,0.6409,0.5874,0.5444,0.5327,0.5568,0.535,0.0895,0.0659,0.1146,0.0705,0.5953,0.5627,0.6259,0.57,0.5496,0.5362,0.5624,0.5377,0.1019,0.0751,0.1279,0.0775,0.6152,0.5863,0.6441,0.5939,0.5465,0.5324,0.5611,0.536,0.0941,0.0673,0.1206,0.073,0.5217,0.5142,0.0263,0.8645,0.2473,0.2909
GRPO_K5,7,1004,90,0.8954,0.5827,0.5482,0.6169,0.5706,0.547,0.5349,0.5617,0.5417,0.0929,0.0673,0.1195,0.0823,0.5926,0.5616,0.6317,0.5818,0.5504,0.5366,0.5645,0.5447,0.1004,0.0743,0.1265,0.0892,0.5926,0.563,0.6218,0.5818,0.5553,0.5425,0.5688,0.5488,0.1092,0.084,0.1357,0.0965,0.5867,0.5521,0.6166,0.574,0.5505,0.5366,0.5647,0.5446,0.0978,0.0711,0.125,0.0861,0.5264,0.505,0.0147,0.8759,0.216,0.2932
GRPO_K5,8,1650,92,0.9236,0.5588,0.5359,0.5826,0.5531,0.5322,0.5236,0.5414,0.5308,0.064,0.0452,0.0845,0.0618,0.5709,0.545,0.5994,0.5663,0.529,0.518,0.5409,0.5275,0.0566,0.0343,0.0803,0.0535,0.5727,0.5508,0.5963,0.5696,0.5326,0.5235,0.543,0.532,0.0654,0.0462,0.0853,0.0646,0.5648,0.5381,0.5941,0.5597,0.529,0.5179,0.54,0.5279,0.0574,0.0351,0.0832,0.055,0.5082,0.5138,0.0258,0.8719,0.1805,0.1742
GRPO_K5,9,1690,91,0.9462,0.5657,0.541,0.5893,0.5604,0.5223,0.5116,0.5334,0.5198,0.0477,0.0279,0.0678,0.0446,0.5373,0.5108,0.5632,0.5328,0.5164,0.5063,0.5276,0.5139,0.0362,0.0149,0.0579,0.0324,0.5621,0.5364,0.5866,0.5604,0.5264,0.517,0.5362,0.5237,0.0565,0.0372,0.0735,0.0532,0.5456,0.5187,0.5725,0.541,0.5189,0.5078,0.5293,0.5176,0.0423,0.0207,0.0626,0.0411,0.5018,0.5001,0.001,0.8696,0.1428,0.1473
GRPO_K5,10,1833,90,0.9596,0.5161,0.4951,0.5373,0.5145,0.5035,0.4949,0.5121,0.502,0.0078,-0.0067,0.0234,0.0058,0.5128,0.4907,0.534,0.5105,0.5044,0.4957,0.5131,0.5029,0.0101,-0.0064,0.0246,0.0085,0.5172,0.4961,0.5385,0.5156,0.5018,0.4924,0.511,0.5014,0.0058,-0.0105,0.0228,0.0056,0.5074,0.4844,0.5292,0.5071,0.5,0.4919,0.5086,0.4995,0.0013,-0.017,0.0178,0.0013,0.5147,0.51,0.0238,0.8761,0.0714,0.0717
