model_state,family,method,train_oracle,K,iteration,gen_base_model,metric,n,mean,sd,sem,ci95_lo,ci95_hi,ref_state,paired_delta_vs_ref,dz_vs_ref,wilcoxon_p_vs_ref
Base,Base,none,,,0,meta-llama/Llama-3.2-1B,CSQ8_Mean,96,2.1822916666666665,1.2074217674704242,0.1232319681096641,1.9407570091717248,2.4238263241616083,Base,0.0,,
Base,Base,none,,,0,meta-llama/Llama-3.2-1B,MITI_GlobalMean,96,2.684895833333333,1.0151774486231373,0.1036111144794654,2.4818180489535813,2.8879736177130857,Base,0.0,,
Base,Base,none,,,0,meta-llama/Llama-3.2-1B,MI_Mean,96,2.470486111111111,1.3864411911124306,0.1415030615250829,2.193140110521949,2.7478321117002737,Base,0.0,,
Base,Base,none,,,0,meta-llama/Llama-3.2-1B,Q1Q2_Mean,96,2.3775122549019607,1.0796662018785737,0.1101929702971349,2.161534033119576,2.5934904766843454,Base,0.0,,
Base,Base,none,,,0,meta-llama/Llama-3.2-1B,Q1_Mean,96,2.3604166666666666,1.1500552999671174,0.1173770275376202,2.130357692692931,2.590475640640402,Base,0.0,,
Base,Base,none,,,0,meta-llama/Llama-3.2-1B,Q2_Mean,96,2.394607843137255,1.0440635024261131,0.1065592850002935,2.18575164453668,2.60346404173783,Base,0.0,,
Base,Base,none,,,0,meta-llama/Llama-3.2-1B,WAI_Bond_Mean,96,3.0390625,0.9969216599375456,0.1017478908489749,2.839636633936009,3.238488366063991,Base,0.0,,
Base,Base,none,,,0,meta-llama/Llama-3.2-1B,WAI_Goal_Mean,96,2.497395833333333,1.1890369785685846,0.1213555784497354,2.259538899571852,2.735252767094815,Base,0.0,,
Base,Base,none,,,0,meta-llama/Llama-3.2-1B,WAI_Task_Mean,96,2.5859375,1.1758692893031588,0.120011656791743,2.3507146526881835,2.8211603473118165,Base,0.0,,
Base,Base,none,,,0,meta-llama/Llama-3.2-1B,WAI_TotalMean,96,2.707465277777777,1.103555841748708,0.1126311964563298,2.4867081327233707,2.928222422832184,Base,0.0,,
L0_CSQ8_V1,PTO(DPO),DPO,CSQ8,0.0,1,meta-llama/Llama-3.2-1B,CSQ8_Mean,96,2.1744791666666665,1.2558388848990787,0.1281735194645232,1.923259068516201,2.425699264817132,Base,-0.0078125,-0.0097450793617465,0.8831909808579932
L0_CSQ8_V1,PTO(DPO),DPO,CSQ8,0.0,1,meta-llama/Llama-3.2-1B,MITI_GlobalMean,96,2.5859375,1.0838698485907847,0.1106220031931284,2.3691183737414683,2.802756626258532,Base,-0.0989583333333333,-0.0947232143524922,0.3056479631604043
L0_CSQ8_V1,PTO(DPO),DPO,CSQ8,0.0,1,meta-llama/Llama-3.2-1B,MI_Mean,96,2.482638888888889,1.4165849649643196,0.1445795975608737,2.199262877669576,2.766014900108201,Base,0.0121527777777777,0.013758017378649,0.9465022183366696
L0_CSQ8_V1,PTO(DPO),DPO,CSQ8,0.0,1,meta-llama/Llama-3.2-1B,Q1Q2_Mean,96,2.3303921568627453,1.1712971908141028,0.1195450189437456,2.096083919733004,2.564700393992487,Base,-0.0471200980392157,-0.0448092644169692,0.652892776306677
L0_CSQ8_V1,PTO(DPO),DPO,CSQ8,0.0,1,meta-llama/Llama-3.2-1B,Q1_Mean,96,2.3354166666666667,1.2262033116100726,0.1251488514314849,2.0901249178609564,2.580708415472377,Base,-0.025,-0.023993204066582,0.6425060543830738
L0_CSQ8_V1,PTO(DPO),DPO,CSQ8,0.0,1,meta-llama/Llama-3.2-1B,Q2_Mean,96,2.325367647058824,1.1503272676942624,0.1174047851275373,2.0952542682088504,2.5554810259087963,Base,-0.0692401960784313,-0.0610860047960008,0.6556877038116684
L0_CSQ8_V1,PTO(DPO),DPO,CSQ8,0.0,1,meta-llama/Llama-3.2-1B,WAI_Bond_Mean,96,2.9453125,1.0407506937681796,0.1062211728824847,2.73711900115033,3.15350599884967,Base,-0.09375,-0.1467311013931111,0.1212333781457031
L0_CSQ8_V1,PTO(DPO),DPO,CSQ8,0.0,1,meta-llama/Llama-3.2-1B,WAI_Goal_Mean,96,2.4713541666666665,1.186475204160508,0.1210941184440725,2.2340096945162844,2.7086986388170486,Base,-0.0260416666666666,-0.0333833168799772,0.7798884181511784
L0_CSQ8_V1,PTO(DPO),DPO,CSQ8,0.0,1,meta-llama/Llama-3.2-1B,WAI_Task_Mean,96,2.5572916666666665,1.2152967834771162,0.124035708565191,2.314181677878892,2.800401655454441,Base,-0.0286458333333333,-0.0384484682573166,0.4989273838162833
L0_CSQ8_V1,PTO(DPO),DPO,CSQ8,0.0,1,meta-llama/Llama-3.2-1B,WAI_TotalMean,96,2.657986111111111,1.128995773736558,0.115227648642219,2.4321399197723617,2.8838323024498607,Base,-0.0494791666666666,-0.0747296147263956,0.3079120198388556
L0_CSQ8_V2,PTO(DPO),DPO,CSQ8,0.0,2,meta-llama/Llama-3.2-1B,CSQ8_Mean,96,2.1822916666666665,1.2871986957949189,0.1313741667613974,1.924798299814328,2.439785033519005,Base,0.0,0.0,0.9809368938459374
L0_CSQ8_V2,PTO(DPO),DPO,CSQ8,0.0,2,meta-llama/Llama-3.2-1B,MITI_GlobalMean,96,2.6354166666666665,1.1150387452948762,0.113803165391901,2.4123624624985407,2.8584708708347923,Base,-0.0494791666666666,-0.0509903509544712,0.429932237816864
L0_CSQ8_V2,PTO(DPO),DPO,CSQ8,0.0,2,meta-llama/Llama-3.2-1B,MI_Mean,96,2.487847222222222,1.4331588616102842,0.1462711638038836,2.20115574116661,2.774538703277834,Base,0.0173611111111111,0.0193223810892538,0.6924134504455156
L0_CSQ8_V2,PTO(DPO),DPO,CSQ8,0.0,2,meta-llama/Llama-3.2-1B,Q1Q2_Mean,96,2.447487745098039,1.245174475868185,0.1270850877756058,2.1984009730578515,2.6965745171382265,Base,0.0699754901960784,0.0684919803748596,0.6041041298175105
L0_CSQ8_V2,PTO(DPO),DPO,CSQ8,0.0,2,meta-llama/Llama-3.2-1B,Q1_Mean,96,2.4562500000000003,1.3064062799990868,0.1333345326152205,2.194914316074168,2.717585683925833,Base,0.0958333333333332,0.0893534582319831,0.5220355879577876
L0_CSQ8_V2,PTO(DPO),DPO,CSQ8,0.0,2,meta-llama/Llama-3.2-1B,Q2_Mean,96,2.438725490196078,1.2020112043862832,0.1226797548272773,2.1982731707346157,2.679177809657542,Base,0.0441176470588235,0.0425899072981614,0.7756557478142097
L0_CSQ8_V2,PTO(DPO),DPO,CSQ8,0.0,2,meta-llama/Llama-3.2-1B,WAI_Bond_Mean,96,2.9401041666666665,1.0654531971658243,0.1087423615780512,2.7269691379736862,3.153239195359647,Base,-0.0989583333333333,-0.1474151400406016,0.1209432438326614
L0_CSQ8_V2,PTO(DPO),DPO,CSQ8,0.0,2,meta-llama/Llama-3.2-1B,WAI_Goal_Mean,96,2.4765625,1.307407098943715,0.1334366782710225,2.215026610588796,2.738098389411204,Base,-0.0208333333333333,-0.025642356639788,0.8610551935945852
L0_CSQ8_V2,PTO(DPO),DPO,CSQ8,0.0,2,meta-llama/Llama-3.2-1B,WAI_Task_Mean,96,2.5338541666666665,1.2945329332816826,0.1321227142403542,2.2748936467555723,2.7928146865777608,Base,-0.0520833333333333,-0.0649363907575028,0.4717202574762726
L0_CSQ8_V2,PTO(DPO),DPO,CSQ8,0.0,2,meta-llama/Llama-3.2-1B,WAI_TotalMean,96,2.6501736111111107,1.2083783894604412,0.1233296029326753,2.408447589363067,2.8918996328591544,Base,-0.0572916666666666,-0.0797580358170331,0.421893028845505
L0_CSQ8_V3,PTO(DPO),DPO,CSQ8,0.0,3,meta-llama/Llama-3.2-1B,CSQ8_Mean,96,2.25390625,1.272618147369099,0.1298860457691808,1.9993296002924057,2.5084828997075945,Base,0.0716145833333333,0.0954932373038896,0.4571236493893762
L0_CSQ8_V3,PTO(DPO),DPO,CSQ8,0.0,3,meta-llama/Llama-3.2-1B,MITI_GlobalMean,96,2.7994791666666665,1.123094756082652,0.1146253785499179,2.5748134247088275,3.0241449086245056,Base,0.1145833333333333,0.1085445215061753,0.278184087019272
L0_CSQ8_V3,PTO(DPO),DPO,CSQ8,0.0,3,meta-llama/Llama-3.2-1B,MI_Mean,96,2.5590277777777777,1.4090308491027428,0.14380860883926,2.277162904452828,2.8408926511027275,Base,0.0885416666666666,0.097926322007458,0.5138595333654643
L0_CSQ8_V3,PTO(DPO),DPO,CSQ8,0.0,3,meta-llama/Llama-3.2-1B,Q1Q2_Mean,96,2.498835784313725,1.2016441779904696,0.1226422953526158,2.258456885422598,2.7392146832048523,Base,0.1213235294117646,0.1121153216703636,0.3158029472684579
L0_CSQ8_V3,PTO(DPO),DPO,CSQ8,0.0,3,meta-llama/Llama-3.2-1B,Q1_Mean,96,2.475,1.251273035962302,0.1277075194587844,2.224693261860782,2.725306738139217,Base,0.1145833333333333,0.102267257803158,0.313962007246238
L0_CSQ8_V3,PTO(DPO),DPO,CSQ8,0.0,3,meta-llama/Llama-3.2-1B,Q2_Mean,96,2.5226715686274512,1.1827655054485713,0.1207154989047515,2.286069190774138,2.7592739464807643,Base,0.1280637254901961,0.115659115598845,0.297724123485985
L0_CSQ8_V3,PTO(DPO),DPO,CSQ8,0.0,3,meta-llama/Llama-3.2-1B,WAI_Bond_Mean,96,3.083333333333333,1.0334323665051095,0.1054742492339338,2.876603804834823,3.290062861831844,Base,0.0442708333333333,0.0636214638033133,0.6363722595461765
L0_CSQ8_V3,PTO(DPO),DPO,CSQ8,0.0,3,meta-llama/Llama-3.2-1B,WAI_Goal_Mean,96,2.5390625,1.1966664910447995,0.1221342623061072,2.2996793458800298,2.7784456541199702,Base,0.0416666666666666,0.0552228524337466,0.5554597040043228
L0_CSQ8_V3,PTO(DPO),DPO,CSQ8,0.0,3,meta-llama/Llama-3.2-1B,WAI_Task_Mean,96,2.6640625,1.2300129037620104,0.1255376663023332,2.4180086740474267,2.9101163259525733,Base,0.078125,0.0968715012175151,0.3569590223824939
L0_CSQ8_V3,PTO(DPO),DPO,CSQ8,0.0,3,meta-llama/Llama-3.2-1B,WAI_TotalMean,96,2.762152777777778,1.135741711346725,0.1159161530164506,2.534957117865535,2.989348437690021,Base,0.0546874999999999,0.0788550509490119,0.4588788932154131
L0_CSQ8_V4,PTO(DPO),DPO,CSQ8,0.0,4,meta-llama/Llama-3.2-1B,CSQ8_Mean,96,2.188802083333333,1.2883581442227496,0.1314925024710331,1.9310767784901084,2.4465273881765586,Base,0.0065104166666666,0.0091223815138775,0.9690990306375792
L0_CSQ8_V4,PTO(DPO),DPO,CSQ8,0.0,4,meta-llama/Llama-3.2-1B,MITI_GlobalMean,96,2.856770833333333,1.1469322879950734,0.1170582864629489,2.6273365918659537,3.0862050748007133,Base,0.171875,0.1622054542544044,0.0919476681847025
L0_CSQ8_V4,PTO(DPO),DPO,CSQ8,0.0,4,meta-llama/Llama-3.2-1B,MI_Mean,96,2.517361111111111,1.4508475374752683,0.1480765067244959,2.2271311579310997,2.807591064291123,Base,0.046875,0.0498711946959598,0.4719454417301626
L0_CSQ8_V4,PTO(DPO),DPO,CSQ8,0.0,4,meta-llama/Llama-3.2-1B,Q1Q2_Mean,96,2.573406862745097,1.2917603013472383,0.1318397336785236,2.315000984735191,2.831812740755004,Base,0.1958946078431372,0.1936235758813425,0.0704659999704477
L0_CSQ8_V4,PTO(DPO),DPO,CSQ8,0.0,4,meta-llama/Llama-3.2-1B,Q1_Mean,96,2.5395833333333333,1.3552610287838838,0.1383207495333292,2.268474664248008,2.8106920024186586,Base,0.1791666666666666,0.1736273687823099,0.152357570194986
L0_CSQ8_V4,PTO(DPO),DPO,CSQ8,0.0,4,meta-llama/Llama-3.2-1B,Q2_Mean,96,2.607230392156863,1.2551259253348896,0.1281007533337107,2.35615291562279,2.858307868690936,Base,0.2126225490196078,0.202171978797673,0.0337250182089046
L0_CSQ8_V4,PTO(DPO),DPO,CSQ8,0.0,4,meta-llama/Llama-3.2-1B,WAI_Bond_Mean,96,3.03125,1.0464539117771428,0.1068032551330601,2.821915619939202,3.240584380060798,Base,-0.0078125,-0.0104050739012155,0.9741037823683762
L0_CSQ8_V4,PTO(DPO),DPO,CSQ8,0.0,4,meta-llama/Llama-3.2-1B,WAI_Goal_Mean,96,2.5546875,1.2644965323254778,0.1290571369048398,2.301735511666514,2.807639488333486,Base,0.0572916666666666,0.0701114814111308,0.4890502808008466
L0_CSQ8_V4,PTO(DPO),DPO,CSQ8,0.0,4,meta-llama/Llama-3.2-1B,WAI_Task_Mean,96,2.6171875,1.2391386678487175,0.1264690606992269,2.369308141029516,2.8650668589704846,Base,0.03125,0.0380270240001865,0.6669472860991255
L0_CSQ8_V4,PTO(DPO),DPO,CSQ8,0.0,4,meta-llama/Llama-3.2-1B,WAI_TotalMean,96,2.734375,1.1666862467028631,0.1190744164310361,2.500989143795169,2.9677608562048308,Base,0.0269097222222222,0.0360203591713115,0.4134762866300175
L0_CSQ8_V5,PTO(DPO),DPO,CSQ8,0.0,5,meta-llama/Llama-3.2-1B,CSQ8_Mean,96,2.255208333333333,1.2437893959201891,0.1269437236453745,2.0063986349883995,2.5040180316782674,Base,0.0729166666666666,0.0902670502928145,0.3040878723252599
L0_CSQ8_V5,PTO(DPO),DPO,CSQ8,0.0,5,meta-llama/Llama-3.2-1B,MITI_GlobalMean,96,2.859375,1.1521218982473391,0.1175879488413642,2.6289026202709262,3.0898473797290738,Base,0.1744791666666666,0.1578027323803925,0.1857729785410506
L0_CSQ8_V5,PTO(DPO),DPO,CSQ8,0.0,5,meta-llama/Llama-3.2-1B,MI_Mean,96,2.538194444444444,1.4043539578704347,0.1433312756266912,2.2572651442161296,2.819123744672759,Base,0.0677083333333333,0.0691471239465432,0.3370711156570737
L0_CSQ8_V5,PTO(DPO),DPO,CSQ8,0.0,5,meta-llama/Llama-3.2-1B,Q1Q2_Mean,96,2.62873774509804,1.2654393063214713,0.1291533583728793,2.375597162687196,2.881878327508883,Base,0.2512254901960784,0.240481004137462,0.0223731265651702
L0_CSQ8_V5,PTO(DPO),DPO,CSQ8,0.0,5,meta-llama/Llama-3.2-1B,Q1_Mean,96,2.6,1.3010117520404527,0.1327839559109775,2.339743446414484,2.860256553585516,Base,0.2395833333333332,0.2172184107288665,0.0539419306788234
L0_CSQ8_V5,PTO(DPO),DPO,CSQ8,0.0,5,meta-llama/Llama-3.2-1B,Q2_Mean,96,2.657475490196078,1.2551404350453332,0.1281022342248316,2.4063951111154087,2.9085558692767486,Base,0.2628676470588235,0.2488389271969792,0.0178649297391741
L0_CSQ8_V5,PTO(DPO),DPO,CSQ8,0.0,5,meta-llama/Llama-3.2-1B,WAI_Bond_Mean,96,3.109375,1.0148972595137011,0.103582517798232,2.9063532651154653,3.3123967348845347,Base,0.0703125,0.0940581879335303,0.2860192927856476
L0_CSQ8_V5,PTO(DPO),DPO,CSQ8,0.0,5,meta-llama/Llama-3.2-1B,WAI_Goal_Mean,96,2.583333333333333,1.166227987701481,0.1190276455675601,2.350039148020916,2.8166275186457512,Base,0.0859375,0.1062885360022064,0.2749614185027862
L0_CSQ8_V5,PTO(DPO),DPO,CSQ8,0.0,5,meta-llama/Llama-3.2-1B,WAI_Task_Mean,96,2.638020833333333,1.1383678249250375,0.1161841796111782,2.410299841295424,2.865741825371243,Base,0.0520833333333333,0.0685353336331363,0.4736573957701405
L0_CSQ8_V5,PTO(DPO),DPO,CSQ8,0.0,5,meta-llama/Llama-3.2-1B,WAI_TotalMean,96,2.776909722222222,1.0916679919415195,0.1114178978660608,2.5585306424047425,2.9952888020397013,Base,0.0694444444444444,0.0960880344728203,0.4784261888735165
L5_CSQ8_V1,PTO(DPO),DPO,CSQ8,5.0,1,meta-llama/Llama-3.2-1B,CSQ8_Mean,96,2.196614583333333,1.1964510007763678,0.1221122689226825,1.957274536244876,2.4359546304217914,Base,0.0143229166666666,0.0178565801469962,0.8180704696933604
L5_CSQ8_V1,PTO(DPO),DPO,CSQ8,5.0,1,meta-llama/Llama-3.2-1B,MITI_GlobalMean,96,2.661458333333333,1.0760424362270309,0.1098231212640639,2.446205015655768,2.8767116510108988,Base,-0.0234375,-0.0190195604759291,0.8796976804390656
L5_CSQ8_V1,PTO(DPO),DPO,CSQ8,5.0,1,meta-llama/Llama-3.2-1B,MI_Mean,96,2.482638888888889,1.3612170265509904,0.1389286310099362,2.210338772109414,2.754939005668364,Base,0.0121527777777777,0.0111863059062021,0.7480858713247032
L5_CSQ8_V1,PTO(DPO),DPO,CSQ8,5.0,1,meta-llama/Llama-3.2-1B,Q1Q2_Mean,96,2.363541666666667,1.1436701934616529,0.1167253503337988,2.1347599800124213,2.5923233533209125,Base,-0.0139705882352941,-0.0104973999407965,0.9807511219881254
L5_CSQ8_V1,PTO(DPO),DPO,CSQ8,5.0,1,meta-llama/Llama-3.2-1B,Q1_Mean,96,2.3208333333333333,1.1917184996701782,0.1216292600511275,2.0824399836331238,2.5592266830335437,Base,-0.0395833333333333,-0.0279331298766116,0.952784085358887
L5_CSQ8_V1,PTO(DPO),DPO,CSQ8,5.0,1,meta-llama/Llama-3.2-1B,Q2_Mean,96,2.40625,1.1249420754427486,0.114813919792593,2.181214717206517,2.6312852827934825,Base,0.011642156862745,0.0090078527041565,0.9955573327901458
L5_CSQ8_V1,PTO(DPO),DPO,CSQ8,5.0,1,meta-llama/Llama-3.2-1B,WAI_Bond_Mean,96,2.9479166666666665,0.9946678013727596,0.1015178573724696,2.748941666216626,3.146891667116707,Base,-0.0911458333333333,-0.128879361210451,0.1612428711827068
L5_CSQ8_V1,PTO(DPO),DPO,CSQ8,5.0,1,meta-llama/Llama-3.2-1B,WAI_Goal_Mean,96,2.4713541666666665,1.2062718728132356,0.1231146074776614,2.23004953601045,2.712658797322883,Base,-0.0260416666666666,-0.0319318397688047,0.8112300457813681
L5_CSQ8_V1,PTO(DPO),DPO,CSQ8,5.0,1,meta-llama/Llama-3.2-1B,WAI_Task_Mean,96,2.5494791666666665,1.227759936925496,0.1253077238374635,2.303876027945238,2.795082305388095,Base,-0.0364583333333333,-0.0463622285990719,0.6078773393200014
L5_CSQ8_V1,PTO(DPO),DPO,CSQ8,5.0,1,meta-llama/Llama-3.2-1B,WAI_TotalMean,96,2.65625,1.1257388736718237,0.1148952426713091,2.431055324364234,2.881444675635766,Base,-0.0512152777777777,-0.0720889881047208,0.4593464409989825
L5_CSQ8_V2,PTO(DPO),DPO,CSQ8,5.0,2,meta-llama/Llama-3.2-1B,CSQ8_Mean,96,2.21484375,1.2958312619857084,0.1322552243588239,1.955623510256705,2.474063989743295,Base,0.0325520833333333,0.0449790897163322,0.5852333395171269
L5_CSQ8_V2,PTO(DPO),DPO,CSQ8,5.0,2,meta-llama/Llama-3.2-1B,MITI_GlobalMean,96,2.7916666666666665,1.1791314079410242,0.1203445953810427,2.5557912597198227,3.0275420736135104,Base,0.1067708333333333,0.0976961716385682,0.3309245529856119
L5_CSQ8_V2,PTO(DPO),DPO,CSQ8,5.0,2,meta-llama/Llama-3.2-1B,MI_Mean,96,2.5277777777777777,1.4639262010181011,0.1494113422327243,2.234931547001638,2.820624008553917,Base,0.0572916666666666,0.0675016601090884,0.4454931323825994
L5_CSQ8_V2,PTO(DPO),DPO,CSQ8,5.0,2,meta-llama/Llama-3.2-1B,Q1Q2_Mean,96,2.538296568627451,1.2872234019530344,0.1313766883231011,2.2807982595141727,2.795794877740729,Base,0.1607843137254901,0.1505054921841718,0.1631032370419805
L5_CSQ8_V2,PTO(DPO),DPO,CSQ8,5.0,2,meta-llama/Llama-3.2-1B,Q1_Mean,96,2.5104166666666665,1.343324953175724,0.1371025289178595,2.241695709987662,2.779137623345671,Base,0.1499999999999999,0.1350944569369223,0.2816477463482069
L5_CSQ8_V2,PTO(DPO),DPO,CSQ8,5.0,2,meta-llama/Llama-3.2-1B,Q2_Mean,96,2.566176470588235,1.2538993995705183,0.1279755715720821,2.315344350306954,2.817008590869516,Base,0.1715686274509804,0.1583173946972684,0.1737951065047708
L5_CSQ8_V2,PTO(DPO),DPO,CSQ8,5.0,2,meta-llama/Llama-3.2-1B,WAI_Bond_Mean,96,2.9453125,1.025467239462347,0.1046613118593,2.740176328755772,3.150448671244228,Base,-0.09375,-0.1599005372667078,0.12853060034486
L5_CSQ8_V2,PTO(DPO),DPO,CSQ8,5.0,2,meta-llama/Llama-3.2-1B,WAI_Goal_Mean,96,2.5234375,1.2799455811828382,0.1306338988511673,2.267395058251712,2.779479941748288,Base,0.0260416666666666,0.0365658030756323,0.6745012647823599
L5_CSQ8_V2,PTO(DPO),DPO,CSQ8,5.0,2,meta-llama/Llama-3.2-1B,WAI_Task_Mean,96,2.567708333333333,1.305594826459263,0.1332517139851145,2.306534973922509,2.828881692744158,Base,-0.0182291666666666,-0.0261881792738514,0.6874592113921264
L5_CSQ8_V2,PTO(DPO),DPO,CSQ8,5.0,2,meta-llama/Llama-3.2-1B,WAI_TotalMean,96,2.6788194444444446,1.1858682489630268,0.1210321713386326,2.4415963886207246,2.9160425002681647,Base,-0.0286458333333333,-0.0474698250588522,0.8615780875536997
L5_CSQ8_V3,PTO(DPO),DPO,CSQ8,5.0,3,meta-llama/Llama-3.2-1B,CSQ8_Mean,96,2.231770833333333,1.2532824227365318,0.1279126016376494,1.9810621341235408,2.482479532543126,Base,0.0494791666666666,0.0638514446842961,0.5601539964049125
L5_CSQ8_V3,PTO(DPO),DPO,CSQ8,5.0,3,meta-llama/Llama-3.2-1B,MITI_GlobalMean,96,2.8229166666666665,1.161847817434449,0.118580596311696,2.5904986978957423,3.0553346354375908,Base,0.1380208333333333,0.1324825692296818,0.1829730296828349
L5_CSQ8_V3,PTO(DPO),DPO,CSQ8,5.0,3,meta-llama/Llama-3.2-1B,MI_Mean,96,2.571180555555556,1.3543831360945218,0.1382311499859185,2.300247501583155,2.842113609527956,Base,0.1006944444444444,0.1088454534876553,0.358105474254936
L5_CSQ8_V3,PTO(DPO),DPO,CSQ8,5.0,3,meta-llama/Llama-3.2-1B,Q1Q2_Mean,96,2.5643382352941173,1.2196254735600978,0.1244775036467723,2.320362328146444,2.808314142441791,Base,0.1868259803921568,0.1874708100749244,0.0678852670257271
L5_CSQ8_V3,PTO(DPO),DPO,CSQ8,5.0,3,meta-llama/Llama-3.2-1B,Q1_Mean,96,2.5729166666666665,1.2697682479526615,0.1295951791279921,2.318910115575802,2.826923217757531,Base,0.2125,0.2033467096654751,0.0572797188276252
L5_CSQ8_V3,PTO(DPO),DPO,CSQ8,5.0,3,meta-llama/Llama-3.2-1B,Q2_Mean,96,2.5557598039215685,1.195903582696031,0.1220563982988159,2.316529263255889,2.794990344587248,Base,0.1611519607843137,0.1599118117717667,0.0946368615360698
L5_CSQ8_V3,PTO(DPO),DPO,CSQ8,5.0,3,meta-llama/Llama-3.2-1B,WAI_Bond_Mean,96,3.0390625,1.0080779816587917,0.1028865281666158,2.837404904793433,3.240720095206567,Base,0.0,0.0,0.8901261806332293
L5_CSQ8_V3,PTO(DPO),DPO,CSQ8,5.0,3,meta-llama/Llama-3.2-1B,WAI_Goal_Mean,96,2.567708333333333,1.1862585847211229,0.12107200981512,2.3304071940956983,2.8050094725709687,Base,0.0703125,0.092022301780998,0.3585306660822526
L5_CSQ8_V3,PTO(DPO),DPO,CSQ8,5.0,3,meta-llama/Llama-3.2-1B,WAI_Task_Mean,96,2.6666666666666665,1.167919127216991,0.1192002467715959,2.4330341829943385,2.9002991503389945,Base,0.0807291666666666,0.1055611049112367,0.4056466404460961
L5_CSQ8_V3,PTO(DPO),DPO,CSQ8,5.0,3,meta-llama/Llama-3.2-1B,WAI_TotalMean,96,2.7578125,1.10117415570782,0.1123881166426763,2.5375317913803546,2.978093208619645,Base,0.0503472222222222,0.0732378688160077,0.5950851300713447
L5_CSQ8_V4,PTO(DPO),DPO,CSQ8,5.0,4,meta-llama/Llama-3.2-1B,CSQ8_Mean,96,2.25,1.2645209203072667,0.1290596259928081,1.997043133054096,2.502956866945904,Base,0.0677083333333333,0.0986207834680907,0.3833175641440703
L5_CSQ8_V4,PTO(DPO),DPO,CSQ8,5.0,4,meta-llama/Llama-3.2-1B,MITI_GlobalMean,96,2.7421875,1.1188887373545895,0.1141961035610703,2.518363137020302,2.966011862979698,Base,0.0572916666666666,0.0542542466146923,0.4268813947313469
L5_CSQ8_V4,PTO(DPO),DPO,CSQ8,5.0,4,meta-llama/Llama-3.2-1B,MI_Mean,96,2.545138888888889,1.4151393555800436,0.1444320556709214,2.262052059773883,2.8282257180038948,Base,0.0746527777777777,0.0837442707896528,0.3297695479178882
L5_CSQ8_V4,PTO(DPO),DPO,CSQ8,5.0,4,meta-llama/Llama-3.2-1B,Q1Q2_Mean,96,2.502389705882353,1.2571756750460603,0.1283099550375768,2.2509021940087024,2.753877217756004,Base,0.1248774509803921,0.1111049366563072,0.3312789920643749
L5_CSQ8_V4,PTO(DPO),DPO,CSQ8,5.0,4,meta-llama/Llama-3.2-1B,Q1_Mean,96,2.4729166666666664,1.2978102340129594,0.1324572023455741,2.213300550069341,2.732532783263992,Base,0.1125,0.0968340221290251,0.3442562002732104
L5_CSQ8_V4,PTO(DPO),DPO,CSQ8,5.0,4,meta-llama/Llama-3.2-1B,Q2_Mean,96,2.531862745098039,1.2416882036546066,0.1267292716077845,2.2834733727467813,2.780252117449297,Base,0.1372549019607843,0.1201890015452767,0.356300428505349
L5_CSQ8_V4,PTO(DPO),DPO,CSQ8,5.0,4,meta-llama/Llama-3.2-1B,WAI_Bond_Mean,96,3.0078125,0.991711124243027,0.1012160927765528,2.809428958157957,3.2061960418420434,Base,-0.03125,-0.0474781650649506,0.7261004320694113
L5_CSQ8_V4,PTO(DPO),DPO,CSQ8,5.0,4,meta-llama/Llama-3.2-1B,WAI_Goal_Mean,96,2.575520833333333,1.192145231166481,0.1216728131520906,2.337042119555236,2.813999547111431,Base,0.078125,0.1119212728127092,0.2366238950443574
L5_CSQ8_V4,PTO(DPO),DPO,CSQ8,5.0,4,meta-llama/Llama-3.2-1B,WAI_Task_Mean,96,2.645833333333333,1.1583033569262704,0.1182188413259259,2.414124404334519,2.877542262332148,Base,0.0598958333333333,0.0870574917358049,0.364359960097349
L5_CSQ8_V4,PTO(DPO),DPO,CSQ8,5.0,4,meta-llama/Llama-3.2-1B,WAI_TotalMean,96,2.743055555555556,1.0935527878456843,0.111610264042498,2.5242994380322594,2.9618116730788517,Base,0.0355902777777777,0.0571709580621669,0.5861177860287237
L5_CSQ8_V5,PTO(DPO),DPO,CSQ8,5.0,5,meta-llama/Llama-3.2-1B,CSQ8_Mean,96,2.23828125,1.2460566913108433,0.1271751285121773,1.9890179981161324,2.487544501883868,Base,0.0559895833333333,0.071852766825159,0.3640583201494968
L5_CSQ8_V5,PTO(DPO),DPO,CSQ8,5.0,5,meta-llama/Llama-3.2-1B,MITI_GlobalMean,96,2.8463541666666665,1.1328642040529664,0.1156224686580821,2.6197341280968254,3.072974205236508,Base,0.1614583333333333,0.170443995921341,0.0870148277552688
L5_CSQ8_V5,PTO(DPO),DPO,CSQ8,5.0,5,meta-llama/Llama-3.2-1B,MI_Mean,96,2.618055555555556,1.4106770525491277,0.1439766237749456,2.335861372956662,2.9002497381544488,Base,0.1475694444444444,0.1576204430967343,0.0477854481330055
L5_CSQ8_V5,PTO(DPO),DPO,CSQ8,5.0,5,meta-llama/Llama-3.2-1B,Q1Q2_Mean,96,2.5986519607843133,1.240041145582113,0.1265611694471869,2.3505920686678268,2.8467118529008,Base,0.2211397058823529,0.2093160434887533,0.0139320960978185
L5_CSQ8_V5,PTO(DPO),DPO,CSQ8,5.0,5,meta-llama/Llama-3.2-1B,Q1_Mean,96,2.5729166666666665,1.3115261633657875,0.133857078523178,2.3105567927612376,2.8352765405720954,Base,0.2125,0.1878368244404314,0.0470766001521667
L5_CSQ8_V5,PTO(DPO),DPO,CSQ8,5.0,5,meta-llama/Llama-3.2-1B,Q2_Mean,96,2.624387254901961,1.1976231481572677,0.1222319007137885,2.384812729502935,2.8639617803009867,Base,0.2297794117647058,0.2180357806166398,0.0154157524338219
L5_CSQ8_V5,PTO(DPO),DPO,CSQ8,5.0,5,meta-llama/Llama-3.2-1B,WAI_Bond_Mean,96,3.1015625,1.0788505853575443,0.1101097267845388,2.885747435502304,3.317377564497696,Base,0.0625,0.0908103946570973,0.3930588181421335
L5_CSQ8_V5,PTO(DPO),DPO,CSQ8,5.0,5,meta-llama/Llama-3.2-1B,WAI_Goal_Mean,96,2.578125,1.2108677293142869,0.1235836701176043,2.3359010065694954,2.8203489934305046,Base,0.0807291666666666,0.1091828618207369,0.3376414011858789
L5_CSQ8_V5,PTO(DPO),DPO,CSQ8,5.0,5,meta-llama/Llama-3.2-1B,WAI_Task_Mean,96,2.65625,1.190560460676532,0.1215110681912658,2.418088306345119,2.894411693654881,Base,0.0703125,0.0942804412996205,0.1682758326965048
L5_CSQ8_V5,PTO(DPO),DPO,CSQ8,5.0,5,meta-llama/Llama-3.2-1B,WAI_TotalMean,96,2.778645833333333,1.1429818986379596,0.1166551015375218,2.5500018343197906,3.0072898323468764,Base,0.0711805555555555,0.1058695688993248,0.1795616288661249
L0_Q1Q2_V1,PTO(DPO),DPO,Q1Q2,0.0,1,meta-llama/Llama-3.2-1B,CSQ8_Mean,96,2.2565104166666665,1.241864286125303,0.1267472429496951,2.008085820485264,2.504935012848069,Base,0.07421875,0.0962768901892066,0.3298948783178144
L0_Q1Q2_V1,PTO(DPO),DPO,Q1Q2,0.0,1,meta-llama/Llama-3.2-1B,MITI_GlobalMean,96,2.7135416666666665,1.1510745361267003,0.1174810528925524,2.483278802997264,2.9438045303360694,Base,0.0286458333333333,0.0260804106223363,0.7863602462973515
L0_Q1Q2_V1,PTO(DPO),DPO,Q1Q2,0.0,1,meta-llama/Llama-3.2-1B,MI_Mean,96,2.605902777777777,1.405527890188404,0.143451089592174,2.3247386421771163,2.887066913378438,Base,0.1354166666666666,0.1384744969934892,0.1724868023690989
L0_Q1Q2_V1,PTO(DPO),DPO,Q1Q2,0.0,1,meta-llama/Llama-3.2-1B,Q1Q2_Mean,96,2.4991421568627445,1.2284234637440534,0.1253754447598017,2.253406285133533,2.744878028591956,Base,0.1216299019607843,0.1079499542872399,0.4152100139361608
L0_Q1Q2_V1,PTO(DPO),DPO,Q1Q2,0.0,1,meta-llama/Llama-3.2-1B,Q1_Mean,96,2.50625,1.2735208137906089,0.1299781737750409,2.25149277940092,2.76100722059908,Base,0.1458333333333333,0.1234754514483703,0.3296620365005784
L0_Q1Q2_V1,PTO(DPO),DPO,Q1Q2,0.0,1,meta-llama/Llama-3.2-1B,Q2_Mean,96,2.49203431372549,1.2116150014732645,0.1236599382629577,2.2496608347300926,2.734407792720887,Base,0.0974264705882352,0.0859021539121061,0.6604089476793635
L0_Q1Q2_V1,PTO(DPO),DPO,Q1Q2,0.0,1,meta-llama/Llama-3.2-1B,WAI_Bond_Mean,96,3.005208333333333,1.0259649929050536,0.1047121136073143,2.799972590662997,3.21044407600367,Base,-0.0338541666666666,-0.0471613912347945,0.6258374345639377
L0_Q1Q2_V1,PTO(DPO),DPO,Q1Q2,0.0,1,meta-llama/Llama-3.2-1B,WAI_Goal_Mean,96,2.575520833333333,1.1871681207519953,0.1211648389475497,2.338037748996136,2.813003917670531,Base,0.078125,0.0984783948418163,0.2885190072389975
L0_Q1Q2_V1,PTO(DPO),DPO,Q1Q2,0.0,1,meta-llama/Llama-3.2-1B,WAI_Task_Mean,96,2.638020833333333,1.1798024988969589,0.1204130883149192,2.402011180236092,2.8740304864305752,Base,0.0520833333333333,0.0630921931176492,0.6062403987120584
L0_Q1Q2_V1,PTO(DPO),DPO,Q1Q2,0.0,1,meta-llama/Llama-3.2-1B,WAI_TotalMean,96,2.739583333333333,1.1109667303854749,0.1133875671105243,2.517343701796705,2.961822964869961,Base,0.0321180555555555,0.0443001822864128,0.539241916303236
L0_Q1Q2_V2,PTO(DPO),DPO,Q1Q2,0.0,2,meta-llama/Llama-3.2-1B,CSQ8_Mean,96,2.31640625,1.2583867498392745,0.1284335598410651,2.064676472711512,2.568136027288488,Base,0.1341145833333333,0.1667608130404105,0.1060767561592862
L0_Q1Q2_V2,PTO(DPO),DPO,Q1Q2,0.0,2,meta-llama/Llama-3.2-1B,MITI_GlobalMean,96,2.9166666666666665,1.0709480961098925,0.1093031823530981,2.702432429254594,3.130900904078739,Base,0.2317708333333333,0.2165932221068297,0.0546795146031017
L0_Q1Q2_V2,PTO(DPO),DPO,Q1Q2,0.0,2,meta-llama/Llama-3.2-1B,MI_Mean,96,2.640625,1.414074641114561,0.14432338870583,2.3577511581365727,2.9234988418634265,Base,0.1701388888888888,0.1657397825240172,0.1183138614357759
L0_Q1Q2_V2,PTO(DPO),DPO,Q1Q2,0.0,2,meta-llama/Llama-3.2-1B,Q1Q2_Mean,96,2.696997549019608,1.2056716556220437,0.1230533480671086,2.455812986808075,2.938182111231141,Base,0.3194852941176471,0.2816206789109915,0.0072958568021139
L0_Q1Q2_V2,PTO(DPO),DPO,Q1Q2,0.0,2,meta-llama/Llama-3.2-1B,Q1_Mean,96,2.677083333333333,1.2499666662222102,0.1275741886555078,2.427037923568538,2.927128743098129,Base,0.3166666666666666,0.2713994216060711,0.0083447238905343
L0_Q1Q2_V2,PTO(DPO),DPO,Q1Q2,0.0,2,meta-llama/Llama-3.2-1B,Q2_Mean,96,2.7169117647058822,1.1879720304256989,0.1212468876350439,2.479267864941196,2.9545556644705684,Base,0.3223039215686274,0.275948128029082,0.0083792108395694
L0_Q1Q2_V2,PTO(DPO),DPO,Q1Q2,0.0,2,meta-llama/Llama-3.2-1B,WAI_Bond_Mean,96,3.130208333333333,0.9813921145271856,0.1001629132576098,2.933889023348418,3.326527643318249,Base,0.0911458333333333,0.1227367251624861,0.1644238962561129
L0_Q1Q2_V2,PTO(DPO),DPO,Q1Q2,0.0,2,meta-llama/Llama-3.2-1B,WAI_Goal_Mean,96,2.5963541666666665,1.2065445395331218,0.1231424364082264,2.3549949913065427,2.8377133420267904,Base,0.0989583333333333,0.121581757245261,0.1500442814319912
L0_Q1Q2_V2,PTO(DPO),DPO,Q1Q2,0.0,2,meta-llama/Llama-3.2-1B,WAI_Task_Mean,96,2.6432291666666665,1.206203696502436,0.1231076492620779,2.4019381741129937,2.8845201592203398,Base,0.0572916666666666,0.0662431499941452,0.5842197643462725
L0_Q1Q2_V2,PTO(DPO),DPO,Q1Q2,0.0,2,meta-llama/Llama-3.2-1B,WAI_TotalMean,96,2.789930555555556,1.115741903455591,0.1138749311711604,2.566735690460081,3.0131254206510296,Base,0.0824652777777777,0.10905053458592,0.3069208377761748
L0_Q1Q2_V3,PTO(DPO),DPO,Q1Q2,0.0,3,meta-llama/Llama-3.2-1B,CSQ8_Mean,96,2.235677083333333,1.2721549516245976,0.1298387710514701,1.981193092072452,2.490161074594215,Base,0.0533854166666666,0.0739167360887374,0.4463431316563896
L0_Q1Q2_V3,PTO(DPO),DPO,Q1Q2,0.0,3,meta-llama/Llama-3.2-1B,MITI_GlobalMean,96,2.841145833333333,1.0949163580567929,0.1117494328444011,2.6221169449583077,3.06017472170836,Base,0.15625,0.1446118287303457,0.160428737769207
L0_Q1Q2_V3,PTO(DPO),DPO,Q1Q2,0.0,3,meta-llama/Llama-3.2-1B,MI_Mean,96,2.5902777777777777,1.4283914534361764,0.1457845922446279,2.304539976978307,2.8760155785772485,Base,0.1197916666666666,0.124163409024133,0.111806383287388
L0_Q1Q2_V3,PTO(DPO),DPO,Q1Q2,0.0,3,meta-llama/Llama-3.2-1B,Q1Q2_Mean,96,2.544117647058823,1.229201249993216,0.1254548272364435,2.298226185675394,2.790009108442252,Base,0.1666053921568627,0.1650638877151624,0.1037972483294234
L0_Q1Q2_V3,PTO(DPO),DPO,Q1Q2,0.0,3,meta-llama/Llama-3.2-1B,Q1_Mean,96,2.552083333333333,1.2830046286716903,0.1309461115781102,2.2954289546402373,2.8087377120264296,Base,0.1916666666666666,0.1818673425662695,0.087230409646005
L0_Q1Q2_V3,PTO(DPO),DPO,Q1Q2,0.0,3,meta-llama/Llama-3.2-1B,Q2_Mean,96,2.5361519607843133,1.1965734417821334,0.1221247655055041,2.296787420393525,2.775516501175101,Base,0.1415441176470588,0.1367095605592493,0.2100276505293077
L0_Q1Q2_V3,PTO(DPO),DPO,Q1Q2,0.0,3,meta-llama/Llama-3.2-1B,WAI_Bond_Mean,96,3.0703125,0.9717747769443612,0.0991813478508593,2.875917058212316,3.2647079417876843,Base,0.03125,0.0505674092358934,0.5276810298064168
L0_Q1Q2_V3,PTO(DPO),DPO,Q1Q2,0.0,3,meta-llama/Llama-3.2-1B,WAI_Goal_Mean,96,2.591145833333333,1.202584821205133,0.1227382993486965,2.350578766609888,2.831712900056779,Base,0.09375,0.1220725237704067,0.1863315755884046
L0_Q1Q2_V3,PTO(DPO),DPO,Q1Q2,0.0,3,meta-llama/Llama-3.2-1B,WAI_Task_Mean,96,2.6510416666666665,1.1773516034921827,0.1201629448501428,2.4155222947603865,2.8865610385729465,Base,0.0651041666666666,0.0850581938381865,0.2607993415921313
L0_Q1Q2_V3,PTO(DPO),DPO,Q1Q2,0.0,3,meta-llama/Llama-3.2-1B,WAI_TotalMean,96,2.770833333333333,1.1017662587358938,0.1124485479049237,2.5504341794396828,2.991232487226984,Base,0.0633680555555555,0.0947603836742881,0.2738395297170665
L0_Q1Q2_V4,PTO(DPO),DPO,Q1Q2,0.0,4,meta-llama/Llama-3.2-1B,CSQ8_Mean,96,2.296875,1.2684493745473149,0.1294605721747243,2.04313227853754,2.55061772146246,Base,0.1145833333333333,0.1461869347992587,0.2621383488963292
L0_Q1Q2_V4,PTO(DPO),DPO,Q1Q2,0.0,4,meta-llama/Llama-3.2-1B,MITI_GlobalMean,96,2.9635416666666665,1.0984313975336462,0.1121081850587357,2.7438096239515444,3.1832737093817887,Base,0.2786458333333333,0.2893376169342571,0.004755129541036
L0_Q1Q2_V4,PTO(DPO),DPO,Q1Q2,0.0,4,meta-llama/Llama-3.2-1B,MI_Mean,96,2.6197916666666665,1.4365128189290093,0.1466134756392982,2.332429254413642,2.907154078919691,Base,0.1493055555555555,0.1533741952534148,0.1177737571495119
L0_Q1Q2_V4,PTO(DPO),DPO,Q1Q2,0.0,4,meta-llama/Llama-3.2-1B,Q1Q2_Mean,96,2.7023897058823523,1.2665641407872326,0.1292681613098048,2.449024109715135,2.9557553020495697,Base,0.3248774509803921,0.3172189778265719,0.0033279750089804
L0_Q1Q2_V4,PTO(DPO),DPO,Q1Q2,0.0,4,meta-llama/Llama-3.2-1B,Q1_Mean,96,2.6749999999999994,1.323233678690598,0.1350519718024113,2.410298135267273,2.9397018647327258,Base,0.3145833333333334,0.2980674066423707,0.0107986451183279
L0_Q1Q2_V4,PTO(DPO),DPO,Q1Q2,0.0,4,meta-llama/Llama-3.2-1B,Q2_Mean,96,2.729779411764705,1.2347655695132724,0.1260227332193579,2.4827748546547634,2.976783968874647,Base,0.3351715686274509,0.3161391266852814,0.0022506130029135
L0_Q1Q2_V4,PTO(DPO),DPO,Q1Q2,0.0,4,meta-llama/Llama-3.2-1B,WAI_Bond_Mean,96,3.0390625,1.0376644606493646,0.1059061855338023,2.8314863763537472,3.2466386236462528,Base,0.0,0.0,0.71220001583015
L0_Q1Q2_V4,PTO(DPO),DPO,Q1Q2,0.0,4,meta-llama/Llama-3.2-1B,WAI_Goal_Mean,96,2.5546875,1.2059082212829857,0.1230774924487742,2.3134556148004024,2.7959193851995976,Base,0.0572916666666666,0.0753406055328975,0.510544452888136
L0_Q1Q2_V4,PTO(DPO),DPO,Q1Q2,0.0,4,meta-llama/Llama-3.2-1B,WAI_Task_Mean,96,2.6484375,1.2039289436323846,0.1228754832694713,2.407601552791836,2.889273447208164,Base,0.0625,0.0765969637887826,0.6069468935281466
L0_Q1Q2_V4,PTO(DPO),DPO,Q1Q2,0.0,4,meta-llama/Llama-3.2-1B,WAI_TotalMean,96,2.747395833333333,1.1299648810073442,0.1153265577388626,2.5213557801651625,2.9734358865015045,Base,0.0399305555555555,0.0575928904002046,0.9366476596688212
L0_Q1Q2_V5,PTO(DPO),DPO,Q1Q2,0.0,5,meta-llama/Llama-3.2-1B,CSQ8_Mean,96,2.360677083333333,1.2472166105270412,0.1272935122714495,2.1111817992812925,2.6101723673853745,Base,0.1783854166666666,0.2397656761399826,0.042187688308143
L0_Q1Q2_V5,PTO(DPO),DPO,Q1Q2,0.0,5,meta-llama/Llama-3.2-1B,MITI_GlobalMean,96,3.0546875,1.135088174757223,0.1158494517175957,2.827622574633512,3.281752425366488,Base,0.3697916666666667,0.3886657510312555,0.0003451974740945
L0_Q1Q2_V5,PTO(DPO),DPO,Q1Q2,0.0,5,meta-llama/Llama-3.2-1B,MI_Mean,96,2.71875,1.3860863537734431,0.1414668460908243,2.441474981661984,2.996025018338016,Base,0.2482638888888889,0.263845334250922,0.0240714492723383
L0_Q1Q2_V5,PTO(DPO),DPO,Q1Q2,0.0,5,meta-llama/Llama-3.2-1B,Q1Q2_Mean,96,2.7704656862745103,1.197187251435757,0.1221874121909447,2.5309783583802585,3.009953014168762,Base,0.392953431372549,0.402361693525854,0.0005678860045613
L0_Q1Q2_V5,PTO(DPO),DPO,Q1Q2,0.0,5,meta-llama/Llama-3.2-1B,Q1_Mean,96,2.733333333333333,1.258124474359535,0.1284067914620066,2.4816560220678,2.985010644598866,Base,0.3729166666666666,0.3688818417898845,0.0009494492299657
L0_Q1Q2_V5,PTO(DPO),DPO,Q1Q2,0.0,5,meta-llama/Llama-3.2-1B,Q2_Mean,96,2.8075980392156867,1.159364151262843,0.1183271081945357,2.575676907154397,3.039519171276977,Base,0.4129901960784313,0.4110858515091523,0.0001960268409263
L0_Q1Q2_V5,PTO(DPO),DPO,Q1Q2,0.0,5,meta-llama/Llama-3.2-1B,WAI_Bond_Mean,96,3.1328125,1.0537858597257297,0.1075515689370053,2.9220114248834697,3.3436135751165303,Base,0.09375,0.1501581444825101,0.1865538067936832
L0_Q1Q2_V5,PTO(DPO),DPO,Q1Q2,0.0,5,meta-llama/Llama-3.2-1B,WAI_Goal_Mean,96,2.640625,1.236406348210303,0.126190194493881,2.393292218791993,2.887957781208007,Base,0.1432291666666666,0.2132813245867257,0.0422205582479768
L0_Q1Q2_V5,PTO(DPO),DPO,Q1Q2,0.0,5,meta-llama/Llama-3.2-1B,WAI_Task_Mean,96,2.6979166666666665,1.2407111005740696,0.1266295464422255,2.4497227556399044,2.9461105776934287,Base,0.1119791666666666,0.1543777578885148,0.2011687342018532
L0_Q1Q2_V5,PTO(DPO),DPO,Q1Q2,0.0,5,meta-llama/Llama-3.2-1B,WAI_TotalMean,96,2.8237847222222228,1.16150926415225,0.1185460428620239,2.591434478212656,3.05613496623179,Base,0.1163194444444444,0.1920003671960164,0.0963584646288975
L5_Q1Q2_V1,PTO(DPO),DPO,Q1Q2,5.0,1,meta-llama/Llama-3.2-1B,CSQ8_Mean,96,2.270833333333333,1.244549520417701,0.1270213035270367,2.0218715784203414,2.5197950882463256,Base,0.0885416666666666,0.1233673287756321,0.2197457988658154
L5_Q1Q2_V1,PTO(DPO),DPO,Q1Q2,5.0,1,meta-llama/Llama-3.2-1B,MITI_GlobalMean,96,2.880208333333333,1.0948318584356294,0.1117408086379299,2.661196348402991,3.099220318263676,Base,0.1953125,0.1941405766165342,0.1187943767503082
L5_Q1Q2_V1,PTO(DPO),DPO,Q1Q2,5.0,1,meta-llama/Llama-3.2-1B,MI_Mean,96,2.5746527777777777,1.3771038751110982,0.1405500757013167,2.299174629403197,2.8501309261523584,Base,0.1041666666666666,0.1136215379566419,0.1941806340353873
L5_Q1Q2_V1,PTO(DPO),DPO,Q1Q2,5.0,1,meta-llama/Llama-3.2-1B,Q1Q2_Mean,96,2.514767156862745,1.159594750453339,0.1183506436258613,2.282799895356057,2.7467344183694338,Base,0.1372549019607843,0.1386936203245972,0.3419870170831366
L5_Q1Q2_V1,PTO(DPO),DPO,Q1Q2,5.0,1,meta-llama/Llama-3.2-1B,Q1_Mean,96,2.5166666666666666,1.218339393269783,0.1243462436267922,2.2729480291581536,2.76038530417518,Base,0.15625,0.1477978571120405,0.1949879918395156
L5_Q1Q2_V1,PTO(DPO),DPO,Q1Q2,5.0,1,meta-llama/Llama-3.2-1B,Q2_Mean,96,2.512867647058824,1.126483016526837,0.1149711914334142,2.2875241118493315,2.7382111822683157,Base,0.1182598039215685,0.1197297670993761,0.4790416574545707
L5_Q1Q2_V1,PTO(DPO),DPO,Q1Q2,5.0,1,meta-llama/Llama-3.2-1B,WAI_Bond_Mean,96,3.059895833333333,1.0200263100751932,0.1041059993290899,2.855848074648317,3.2639435920183497,Base,0.0208333333333333,0.0308023628069382,0.8667952930601813
L5_Q1Q2_V1,PTO(DPO),DPO,Q1Q2,5.0,1,meta-llama/Llama-3.2-1B,WAI_Goal_Mean,96,2.5963541666666665,1.2103554239119114,0.1235313831664255,2.3542326556604727,2.8384756776728604,Base,0.0989583333333333,0.1183357712697141,0.3891957888597807
L5_Q1Q2_V1,PTO(DPO),DPO,Q1Q2,5.0,1,meta-llama/Llama-3.2-1B,WAI_Task_Mean,96,2.6901041666666665,1.1679631345945511,0.11920473825576,2.4564628796853767,2.9237454536479563,Base,0.1041666666666666,0.1325075712804837,0.1828361108145222
L5_Q1Q2_V1,PTO(DPO),DPO,Q1Q2,5.0,1,meta-llama/Llama-3.2-1B,WAI_TotalMean,96,2.782118055555556,1.1138003138500876,0.1136767685118531,2.5593115892723235,3.004924521838787,Base,0.0746527777777777,0.1048496760077373,0.3395259376374629
L5_Q1Q2_V2,PTO(DPO),DPO,Q1Q2,5.0,2,meta-llama/Llama-3.2-1B,CSQ8_Mean,96,2.298177083333333,1.216034564906872,0.1241110080670495,2.0549195075219164,2.5414346591447505,Base,0.1158854166666666,0.1462294246203292,0.114995279489272
L5_Q1Q2_V2,PTO(DPO),DPO,Q1Q2,5.0,2,meta-llama/Llama-3.2-1B,MITI_GlobalMean,96,2.8828125,0.988721346647168,0.1009109498784587,2.685027038238221,3.080597961761779,Base,0.1979166666666666,0.1893964877037238,0.0488196891585658
L5_Q1Q2_V2,PTO(DPO),DPO,Q1Q2,5.0,2,meta-llama/Llama-3.2-1B,MI_Mean,96,2.6475694444444446,1.32626851815958,0.1353617138086723,2.382260485379447,2.9128784035094424,Base,0.1770833333333333,0.1857106165269147,0.0453671248627716
L5_Q1Q2_V2,PTO(DPO),DPO,Q1Q2,5.0,2,meta-llama/Llama-3.2-1B,Q1Q2_Mean,96,2.584313725490196,1.1047328412971356,0.1127513234697104,2.363321131489564,2.8053063194908288,Base,0.2068014705882352,0.18050070619576,0.0948041938491595
L5_Q1Q2_V2,PTO(DPO),DPO,Q1Q2,5.0,2,meta-llama/Llama-3.2-1B,Q1_Mean,96,2.558333333333333,1.1672429654321663,0.1191312362984129,2.324836110188444,2.791830556478222,Base,0.1979166666666666,0.1603321101327664,0.1074832720096193
L5_Q1Q2_V2,PTO(DPO),DPO,Q1Q2,5.0,2,meta-llama/Llama-3.2-1B,Q2_Mean,96,2.6102941176470584,1.082206545490523,0.1104522430313272,2.393807721305657,2.82678051398846,Base,0.2156862745098039,0.1929252724023377,0.0827654931114974
L5_Q1Q2_V2,PTO(DPO),DPO,Q1Q2,5.0,2,meta-llama/Llama-3.2-1B,WAI_Bond_Mean,96,3.200520833333333,0.8733027084659907,0.0891310844471755,3.0258239078168696,3.3752177588497974,Base,0.1614583333333333,0.2396463544975109,0.0235616806251425
L5_Q1Q2_V2,PTO(DPO),DPO,Q1Q2,5.0,2,meta-llama/Llama-3.2-1B,WAI_Goal_Mean,96,2.6744791666666665,1.1181044766094244,0.1141160602839474,2.4508116885101296,2.8981466448232034,Base,0.1770833333333333,0.2259252628715817,0.0302370038314334
L5_Q1Q2_V2,PTO(DPO),DPO,Q1Q2,5.0,2,meta-llama/Llama-3.2-1B,WAI_Task_Mean,96,2.75,1.1192102478745307,0.1142289175911034,2.526111321521437,2.9738886784785628,Base,0.1640625,0.2168988791850434,0.0388637975714401
L5_Q1Q2_V2,PTO(DPO),DPO,Q1Q2,5.0,2,meta-llama/Llama-3.2-1B,WAI_TotalMean,96,2.875,1.0189720769320676,0.1039984021094821,2.671163131865415,3.078836868134585,Base,0.1675347222222222,0.2438934324043283,0.0239655541883829
L5_Q1Q2_V3,PTO(DPO),DPO,Q1Q2,5.0,3,meta-llama/Llama-3.2-1B,CSQ8_Mean,96,2.298177083333333,1.2106123113166345,0.1235576016273804,2.056004184143668,2.540349982523,Base,0.1158854166666666,0.152945746350203,0.0891638596820578
L5_Q1Q2_V3,PTO(DPO),DPO,Q1Q2,5.0,3,meta-llama/Llama-3.2-1B,MITI_GlobalMean,96,3.046875,1.0389218221943262,0.1060345144591087,2.8390473516601467,3.2547026483398533,Base,0.3619791666666667,0.3495797463563403,0.0002098351759514
L5_Q1Q2_V3,PTO(DPO),DPO,Q1Q2,5.0,3,meta-llama/Llama-3.2-1B,MI_Mean,96,2.6371527777777777,1.3392401598119066,0.1366856264409404,2.3692489499535343,2.905056605602021,Base,0.1666666666666666,0.1714985851425088,0.0685333377932442
L5_Q1Q2_V3,PTO(DPO),DPO,Q1Q2,5.0,3,meta-llama/Llama-3.2-1B,Q1Q2_Mean,96,2.7450980392156867,1.176031084056003,0.1200281698995567,2.509842826212556,2.980353252218818,Base,0.3675857843137255,0.337575656957225,0.0003908513467498
L5_Q1Q2_V3,PTO(DPO),DPO,Q1Q2,5.0,3,meta-llama/Llama-3.2-1B,Q1_Mean,96,2.708333333333333,1.22566129662117,0.1250935322583286,2.4631500101070096,2.9535166565596573,Base,0.3479166666666667,0.3068880272567307,0.0029108329385841
L5_Q1Q2_V3,PTO(DPO),DPO,Q1Q2,5.0,3,meta-llama/Llama-3.2-1B,Q2_Mean,96,2.7818627450980387,1.1537091227330114,0.1177499442620787,2.551072854344364,3.012652635851713,Base,0.3872549019607842,0.3496646238669826,0.0005509975082275
L5_Q1Q2_V3,PTO(DPO),DPO,Q1Q2,5.0,3,meta-llama/Llama-3.2-1B,WAI_Bond_Mean,96,3.1666666666666665,0.9498383980741884,0.0969424755576804,2.976659414573613,3.35667391875972,Base,0.1276041666666666,0.191913435140978,0.0680420047326402
L5_Q1Q2_V3,PTO(DPO),DPO,Q1Q2,5.0,3,meta-llama/Llama-3.2-1B,WAI_Goal_Mean,96,2.75,1.0778877980862192,0.1100114627201391,2.534377533068527,2.965622466931473,Base,0.2526041666666667,0.3157244449818083,0.001780427203571
L5_Q1Q2_V3,PTO(DPO),DPO,Q1Q2,5.0,3,meta-llama/Llama-3.2-1B,WAI_Task_Mean,96,2.7994791666666665,1.0560725351799485,0.1077849517732629,2.588220661191071,3.010737672142262,Base,0.2135416666666666,0.2681484500045156,0.0110304074669688
L5_Q1Q2_V3,PTO(DPO),DPO,Q1Q2,5.0,3,meta-llama/Llama-3.2-1B,WAI_TotalMean,96,2.905381944444444,1.0078362405026748,0.1028618555631859,2.7037727075406,3.1069911813482887,Base,0.1979166666666666,0.2808320467068813,0.0043761114827642
L5_Q1Q2_V4,PTO(DPO),DPO,Q1Q2,5.0,4,meta-llama/Llama-3.2-1B,CSQ8_Mean,96,2.3736979166666665,1.210085739631193,0.1235038586297834,2.131630353752291,2.615765479581042,Base,0.19140625,0.2730388342215167,0.0072628129068706
L5_Q1Q2_V4,PTO(DPO),DPO,Q1Q2,5.0,4,meta-llama/Llama-3.2-1B,MITI_GlobalMean,96,3.0651041666666665,1.0106308553953778,0.1031470797512986,2.8629358903541213,3.267272442979212,Base,0.3802083333333333,0.3911762745024397,0.00029456123809
L5_Q1Q2_V4,PTO(DPO),DPO,Q1Q2,5.0,4,meta-llama/Llama-3.2-1B,MI_Mean,96,2.7361111111111107,1.3614720848466797,0.1389546627882321,2.463759972046176,3.008462250176046,Base,0.2656249999999999,0.3044611490443659,0.0014597099642498
L5_Q1Q2_V4,PTO(DPO),DPO,Q1Q2,5.0,4,meta-llama/Llama-3.2-1B,Q1Q2_Mean,96,2.766727941176471,1.204894053405027,0.1229739843731692,2.525698931805059,3.0077569505478827,Base,0.3892156862745097,0.3921725676016458,0.0001714300232925
L5_Q1Q2_V4,PTO(DPO),DPO,Q1Q2,5.0,4,meta-llama/Llama-3.2-1B,Q1_Mean,96,2.7791666666666663,1.2835736844874828,0.1310041905941042,2.5223984531022223,3.0359348802311104,Base,0.4187499999999999,0.4011357613818758,0.0001309785189795
L5_Q1Q2_V4,PTO(DPO),DPO,Q1Q2,5.0,4,meta-llama/Llama-3.2-1B,Q2_Mean,96,2.754289215686274,1.154752945316886,0.1178564789584323,2.523290516927746,2.9852879144448017,Base,0.3596813725490196,0.3588800673434562,0.000646641764014
L5_Q1Q2_V4,PTO(DPO),DPO,Q1Q2,5.0,4,meta-llama/Llama-3.2-1B,WAI_Bond_Mean,96,3.25,0.9953840834995356,0.1015909626109061,3.050881713282624,3.449118286717376,Base,0.2109375,0.3479391174732032,0.0005636758571159
L5_Q1Q2_V4,PTO(DPO),DPO,Q1Q2,5.0,4,meta-llama/Llama-3.2-1B,WAI_Goal_Mean,96,2.7213541666666665,1.2337735182351115,0.1259214824097675,2.474548061143522,2.968160272189811,Base,0.2239583333333333,0.2889771757465893,0.0052344668200932
L5_Q1Q2_V4,PTO(DPO),DPO,Q1Q2,5.0,4,meta-llama/Llama-3.2-1B,WAI_Task_Mean,96,2.731770833333333,1.182239618415352,0.1206618257841792,2.495273654796342,2.968268011870325,Base,0.1458333333333333,0.2018602214890488,0.0475604193387738
L5_Q1Q2_V4,PTO(DPO),DPO,Q1Q2,5.0,4,meta-llama/Llama-3.2-1B,WAI_TotalMean,96,2.9010416666666665,1.1204056609234174,0.1143509239245049,2.676913855774637,3.125169477558696,Base,0.1935763888888888,0.304434601730322,0.0028288949568365
L5_Q1Q2_V5,PTO(DPO),DPO,Q1Q2,5.0,5,meta-llama/Llama-3.2-1B,CSQ8_Mean,96,2.446614583333333,1.1787237734519809,0.1203029913602212,2.2108207202673,2.682408446399367,Base,0.2643229166666667,0.3949151696364445,0.0004128038189945
L5_Q1Q2_V5,PTO(DPO),DPO,Q1Q2,5.0,5,meta-llama/Llama-3.2-1B,MITI_GlobalMean,96,3.177083333333333,1.025283443907526,0.1046425533040373,2.97198392885742,3.382182737809247,Base,0.4921875,0.5374192873387651,1.1275115574518155e-06
L5_Q1Q2_V5,PTO(DPO),DPO,Q1Q2,5.0,5,meta-llama/Llama-3.2-1B,MI_Mean,96,2.8229166666666665,1.3196252569246507,0.1346836887981062,2.5589366366223785,3.0868966967109546,Base,0.3524305555555556,0.4412504405090166,0.0001044959642196
L5_Q1Q2_V5,PTO(DPO),DPO,Q1Q2,5.0,5,meta-llama/Llama-3.2-1B,Q1Q2_Mean,96,2.900122549019608,1.1266571733263555,0.1149889662373332,2.6747441751944345,3.1255009228447808,Base,0.522610294117647,0.5909175452485838,1.5951257993335565e-07
L5_Q1Q2_V5,PTO(DPO),DPO,Q1Q2,5.0,5,meta-llama/Llama-3.2-1B,Q1_Mean,96,2.84375,1.2212859917661427,0.1246469795764978,2.599441920030064,3.088058079969936,Base,0.4833333333333334,0.5148246820917491,5.814829221020079e-06
L5_Q1Q2_V5,PTO(DPO),DPO,Q1Q2,5.0,5,meta-llama/Llama-3.2-1B,Q2_Mean,96,2.956495098039216,1.0591758887959952,0.1081016864753769,2.744615792547477,3.1683744035309545,Base,0.5618872549019608,0.6179172745158238,8.731682623215016e-08
L5_Q1Q2_V5,PTO(DPO),DPO,Q1Q2,5.0,5,meta-llama/Llama-3.2-1B,WAI_Bond_Mean,96,3.223958333333333,0.8903570888211286,0.0908716898534019,3.0458498212206657,3.402066845446001,Base,0.1848958333333333,0.3077972435949112,0.0080538831911204
L5_Q1Q2_V5,PTO(DPO),DPO,Q1Q2,5.0,5,meta-llama/Llama-3.2-1B,WAI_Goal_Mean,96,2.825520833333333,1.1709868710591858,0.1195133470663851,2.591274673083219,3.059766993583448,Base,0.328125,0.4253307891825059,5.4690664565523935e-05
L5_Q1Q2_V5,PTO(DPO),DPO,Q1Q2,5.0,5,meta-llama/Llama-3.2-1B,WAI_Task_Mean,96,2.84375,1.1356947792338166,0.115911363027735,2.61656372846564,3.0709362715343604,Base,0.2578125,0.3702709532975258,0.0008129951872473
L5_Q1Q2_V5,PTO(DPO),DPO,Q1Q2,5.0,5,meta-llama/Llama-3.2-1B,WAI_TotalMean,96,2.9644097222222228,1.0484425090047185,0.1070062154877049,2.754677539866321,3.1741419045781245,Base,0.2569444444444444,0.407933181804646,0.0002817605561608
L5_Q1Q2_V6,PTO(DPO),DPO,Q1Q2,5.0,6,meta-llama/Llama-3.2-1B,CSQ8_Mean,96,2.368489583333333,1.248468771565617,0.1274213104222956,2.118743814905634,2.618235351761033,Base,0.1861979166666666,0.2751647539810467,0.0131092480476333
L5_Q1Q2_V6,PTO(DPO),DPO,Q1Q2,5.0,6,meta-llama/Llama-3.2-1B,MITI_GlobalMean,96,3.1015625,1.0554234152823765,0.1077187012511405,2.8904338455477645,3.3126911544522355,Base,0.4166666666666667,0.4510085382896209,4.375049405721597e-05
L5_Q1Q2_V6,PTO(DPO),DPO,Q1Q2,5.0,6,meta-llama/Llama-3.2-1B,MI_Mean,96,2.7170138888888893,1.4090600308593322,0.1438115871898201,2.4351431779968418,2.998884599780937,Base,0.2465277777777777,0.3132710105322288,0.0021577923852288
L5_Q1Q2_V6,PTO(DPO),DPO,Q1Q2,5.0,6,meta-llama/Llama-3.2-1B,Q1Q2_Mean,96,2.813602941176471,1.2205116727824803,0.1245679509761593,2.5694497572631985,3.057756125089744,Base,0.4360906862745097,0.4732071193246832,4.213307246216329e-06
L5_Q1Q2_V6,PTO(DPO),DPO,Q1Q2,5.0,6,meta-llama/Llama-3.2-1B,Q1_Mean,96,2.7687499999999994,1.2916992072867677,0.1318334982920875,2.510356343347508,3.0271436566524907,Base,0.4083333333333332,0.4219835517108598,8.524840814518092e-05
L5_Q1Q2_V6,PTO(DPO),DPO,Q1Q2,5.0,6,meta-llama/Llama-3.2-1B,Q2_Mean,96,2.8584558823529407,1.1759620611477168,0.120021125278479,2.6232144768071217,3.09369728789876,Base,0.4638480392156862,0.4934299205747423,3.4544362111994137e-06
L5_Q1Q2_V6,PTO(DPO),DPO,Q1Q2,5.0,6,meta-llama/Llama-3.2-1B,WAI_Bond_Mean,96,3.1953125,0.9653218204854084,0.098522745740158,3.0022079183492902,3.3884170816507098,Base,0.15625,0.252837046179467,0.0209774921290893
L5_Q1Q2_V6,PTO(DPO),DPO,Q1Q2,5.0,6,meta-llama/Llama-3.2-1B,WAI_Goal_Mean,96,2.692708333333333,1.176233488427466,0.1200488277092147,2.4574126310232725,2.9280040356433945,Base,0.1953125,0.2910682599151767,0.0091380573146767
L5_Q1Q2_V6,PTO(DPO),DPO,Q1Q2,5.0,6,meta-llama/Llama-3.2-1B,WAI_Task_Mean,96,2.778645833333333,1.1936618755935928,0.1218276050257431,2.539863727482877,3.01742793918379,Base,0.1927083333333333,0.2829701108836165,0.0102413557366606
L5_Q1Q2_V6,PTO(DPO),DPO,Q1Q2,5.0,6,meta-llama/Llama-3.2-1B,WAI_TotalMean,96,2.888888888888889,1.0928172366276832,0.1115351921606736,2.6702799122539687,3.107497865523809,Base,0.181423611111111,0.300391082689831,0.0138310528798177
L5_Q1Q2_V7,PTO(DPO),DPO,Q1Q2,5.0,7,meta-llama/Llama-3.2-1B,CSQ8_Mean,96,2.41796875,1.1694898973765395,0.1193605628296827,2.184022046853822,2.651915453146178,Base,0.2356770833333333,0.29225712930208,0.0040833253773426
L5_Q1Q2_V7,PTO(DPO),DPO,Q1Q2,5.0,7,meta-llama/Llama-3.2-1B,MITI_GlobalMean,96,3.1276041666666665,0.9699394932747276,0.0989940349956982,2.933575858075098,3.321632475258235,Base,0.4427083333333333,0.4446198714354755,4.728433096409071e-05
L5_Q1Q2_V7,PTO(DPO),DPO,Q1Q2,5.0,7,meta-llama/Llama-3.2-1B,MI_Mean,96,2.805555555555556,1.3129286638706823,0.1340002206315524,2.5429151231177123,3.0681959879933984,Base,0.3350694444444444,0.3225347175618751,0.0018526042423041
L5_Q1Q2_V7,PTO(DPO),DPO,Q1Q2,5.0,7,meta-llama/Llama-3.2-1B,Q1Q2_Mean,96,2.928308823529412,1.129028996186794,0.1152310393943474,2.7024559863164908,3.1541616607423326,Base,0.550796568627451,0.5146680858742246,3.449499297168231e-06
L5_Q1Q2_V7,PTO(DPO),DPO,Q1Q2,5.0,7,meta-llama/Llama-3.2-1B,Q1_Mean,96,2.864583333333333,1.2217312278003114,0.1246924212889483,2.6201861876069947,3.108980479059672,Base,0.5041666666666667,0.4390337909775174,6.076019534290808e-05
L5_Q1Q2_V7,PTO(DPO),DPO,Q1Q2,5.0,7,meta-llama/Llama-3.2-1B,Q2_Mean,96,2.9920343137254903,1.0642317946833335,0.1086177027091899,2.779143616415478,3.2049250110355025,Base,0.5974264705882352,0.5626238820057735,5.471366720127385e-07
L5_Q1Q2_V7,PTO(DPO),DPO,Q1Q2,5.0,7,meta-llama/Llama-3.2-1B,WAI_Bond_Mean,96,3.2604166666666665,0.9290038996764411,0.0948160634692923,3.0745771822668537,3.4462561510664798,Base,0.2213541666666666,0.3248532806188776,0.0018964852551439
L5_Q1Q2_V7,PTO(DPO),DPO,Q1Q2,5.0,7,meta-llama/Llama-3.2-1B,WAI_Goal_Mean,96,2.8229166666666665,1.094193205942088,0.1116756264407577,2.6040324388427813,3.041800894490552,Base,0.3255208333333333,0.4041190915196747,0.0001773350951538
L5_Q1Q2_V7,PTO(DPO),DPO,Q1Q2,5.0,7,meta-llama/Llama-3.2-1B,WAI_Task_Mean,96,2.8828125,1.079079240176062,0.1101330637692304,2.666951695012308,3.098673304987692,Base,0.296875,0.3769866265390746,0.0006689854425374
L5_Q1Q2_V7,PTO(DPO),DPO,Q1Q2,5.0,7,meta-llama/Llama-3.2-1B,WAI_TotalMean,96,2.988715277777778,1.0137663398259644,0.1034670937909394,2.785919773947537,3.1915107816080197,Base,0.28125,0.3964024261626739,0.0003996031342336
L5_Q1Q2_V8,PTO(DPO),DPO,Q1Q2,5.0,8,meta-llama/Llama-3.2-1B,CSQ8_Mean,96,2.40625,1.214495780149112,0.1239539565053626,2.163300245249489,2.649199754750511,Base,0.2239583333333333,0.3374638406373071,0.002335219674501
L5_Q1Q2_V8,PTO(DPO),DPO,Q1Q2,5.0,8,meta-llama/Llama-3.2-1B,MITI_GlobalMean,96,3.2109375,1.0139345749940778,0.1034842642208839,3.008108342127068,3.4137666578729324,Base,0.5260416666666666,0.5664316274605905,1.0738424423270421e-07
L5_Q1Q2_V8,PTO(DPO),DPO,Q1Q2,5.0,8,meta-llama/Llama-3.2-1B,MI_Mean,96,2.833333333333333,1.3701069237311885,0.13983595234149,2.559254866744013,3.107411799922654,Base,0.3628472222222221,0.4174375150090569,0.0001477622097124
L5_Q1Q2_V8,PTO(DPO),DPO,Q1Q2,5.0,8,meta-llama/Llama-3.2-1B,Q1Q2_Mean,96,2.963051470588236,1.187705703986666,0.1212197058066838,2.725460847207135,3.200642093969336,Base,0.5855392156862745,0.6317529995540793,1.7051217759040708e-08
L5_Q1Q2_V8,PTO(DPO),DPO,Q1Q2,5.0,8,meta-llama/Llama-3.2-1B,Q1_Mean,96,2.91875,1.2601012908325642,0.1286085494484253,2.666677243081086,3.1708227569189136,Base,0.5583333333333332,0.5728908141954566,4.934992839332694e-07
L5_Q1Q2_V8,PTO(DPO),DPO,Q1Q2,5.0,8,meta-llama/Llama-3.2-1B,Q2_Mean,96,3.007352941176471,1.1430309530396054,0.1166601081314247,2.7786991292388783,3.236006753114064,Base,0.6127450980392156,0.6465467068351851,9.125580725858748e-09
L5_Q1Q2_V8,PTO(DPO),DPO,Q1Q2,5.0,8,meta-llama/Llama-3.2-1B,WAI_Bond_Mean,96,3.270833333333333,0.9188570321949086,0.0937804531435675,3.087023645171941,3.454643021494726,Base,0.2317708333333333,0.3879581453696737,0.0004301411540809
L5_Q1Q2_V8,PTO(DPO),DPO,Q1Q2,5.0,8,meta-llama/Llama-3.2-1B,WAI_Goal_Mean,96,2.8307291666666665,1.1956581493419094,0.1220313488620051,2.591547722897136,3.069910610436197,Base,0.3333333333333333,0.4290786957328258,0.0001257931114639
L5_Q1Q2_V8,PTO(DPO),DPO,Q1Q2,5.0,8,meta-llama/Llama-3.2-1B,WAI_Task_Mean,96,2.890625,1.1566811073975949,0.118053271176729,2.6592405884936112,3.1220094115063888,Base,0.3046875,0.3980909745698504,0.0002346867046439
L5_Q1Q2_V8,PTO(DPO),DPO,Q1Q2,5.0,8,meta-llama/Llama-3.2-1B,WAI_TotalMean,96,2.9973958333333326,1.0724795779759346,0.1094594885665201,2.782855235742953,3.211936430923712,Base,0.2899305555555555,0.4485310462537994,5.1806702632275e-05
L5_Q1Q2_V9,PTO(DPO),DPO,Q1Q2,5.0,9,meta-llama/Llama-3.2-1B,CSQ8_Mean,96,2.390625,1.1889361122227589,0.1213452838214232,2.1527882437100105,2.628461756289989,Base,0.2083333333333333,0.2690555338087364,0.0121445942791364
L5_Q1Q2_V9,PTO(DPO),DPO,Q1Q2,5.0,9,meta-llama/Llama-3.2-1B,MITI_GlobalMean,96,3.1901041666666665,1.0455071746253024,0.1067066291771208,2.98095917347951,3.3992491598538237,Base,0.5052083333333334,0.4703083218980853,1.9480614205884358e-05
L5_Q1Q2_V9,PTO(DPO),DPO,Q1Q2,5.0,9,meta-llama/Llama-3.2-1B,MI_Mean,96,2.7986111111111107,1.3260583694620207,0.1353402655970419,2.5333441905409084,3.063878031681313,Base,0.3281249999999999,0.3412001505084142,0.0010234846851729
L5_Q1Q2_V9,PTO(DPO),DPO,Q1Q2,5.0,9,meta-llama/Llama-3.2-1B,Q1Q2_Mean,96,2.931372549019608,1.2124106807660804,0.1237411469407201,2.6888399010157964,3.17390519702342,Base,0.553860294117647,0.5249386060412246,1.3830963700211075e-06
L5_Q1Q2_V9,PTO(DPO),DPO,Q1Q2,5.0,9,meta-llama/Llama-3.2-1B,Q1_Mean,96,2.90625,1.284384964425427,0.1310869915060425,2.6493194966481566,3.1631805033518434,Base,0.5458333333333333,0.4849352721187554,2.631611128626938e-06
L5_Q1Q2_V9,PTO(DPO),DPO,Q1Q2,5.0,9,meta-llama/Llama-3.2-1B,Q2_Mean,96,2.956495098039216,1.160801059501139,0.1184737620274952,2.724286524465325,3.1887036716131063,Base,0.5618872549019608,0.5387326146104986,1.9828317190126503e-06
L5_Q1Q2_V9,PTO(DPO),DPO,Q1Q2,5.0,9,meta-llama/Llama-3.2-1B,WAI_Bond_Mean,96,3.247395833333333,0.8955260080758966,0.0913992404657281,3.0682533220205066,3.4265383446461604,Base,0.2083333333333333,0.35236845758922,0.0012762368975114
L5_Q1Q2_V9,PTO(DPO),DPO,Q1Q2,5.0,9,meta-llama/Llama-3.2-1B,WAI_Goal_Mean,96,2.7734375,1.1050590154519255,0.112784613479982,2.5523796575792352,2.9944953424207648,Base,0.2760416666666667,0.3802694816894065,0.000595464889012
L5_Q1Q2_V9,PTO(DPO),DPO,Q1Q2,5.0,9,meta-llama/Llama-3.2-1B,WAI_Task_Mean,96,2.875,1.1008370021320857,0.1123537060499469,2.654786736142104,3.095213263857896,Base,0.2890625,0.3694187200530455,0.0004601633094804
L5_Q1Q2_V9,PTO(DPO),DPO,Q1Q2,5.0,9,meta-llama/Llama-3.2-1B,WAI_TotalMean,96,2.965277777777778,1.0139860163362886,0.1034895144308881,2.762438329493237,3.1681172260623187,Base,0.2578125,0.4023000737530371,0.0003279291212775
L5_Q1Q2_V10,PTO(DPO),DPO,Q1Q2,5.0,10,meta-llama/Llama-3.2-1B,CSQ8_Mean,96,2.462239583333333,1.2185679407427967,0.1243695696555791,2.2184752268083985,2.7060039398582685,Base,0.2799479166666667,0.3446483432252418,0.0012785892830801
L5_Q1Q2_V10,PTO(DPO),DPO,Q1Q2,5.0,10,meta-llama/Llama-3.2-1B,MITI_GlobalMean,96,3.1822916666666665,0.9890713125975846,0.1009466681287032,2.984436197134408,3.380147136198925,Base,0.4973958333333333,0.5158868487379189,7.544188658007316e-06
L5_Q1Q2_V10,PTO(DPO),DPO,Q1Q2,5.0,10,meta-llama/Llama-3.2-1B,MI_Mean,96,2.821180555555556,1.3690917277046837,0.1397323393309134,2.547305170466965,3.0950559406441456,Base,0.3506944444444444,0.341674304604211,0.0012131830793559
L5_Q1Q2_V10,PTO(DPO),DPO,Q1Q2,5.0,10,meta-llama/Llama-3.2-1B,Q1Q2_Mean,96,2.967647058823529,1.228468834184102,0.1253800753609486,2.7219021111160697,3.2133920065309884,Base,0.5901348039215687,0.5640442762857326,7.70188955521652e-07
L5_Q1Q2_V10,PTO(DPO),DPO,Q1Q2,5.0,10,meta-llama/Llama-3.2-1B,Q1_Mean,96,2.95,1.329503270913021,0.1356918593790887,2.684043955616986,3.215956044383013,Base,0.5895833333333335,0.5309292187831558,3.816156504356295e-06
L5_Q1Q2_V10,PTO(DPO),DPO,Q1Q2,5.0,10,meta-llama/Llama-3.2-1B,Q2_Mean,96,2.9852941176470598,1.1535854647631614,0.1177373234733804,2.754528963639234,3.216059271654885,Base,0.5906862745098039,0.5654736902633613,1.254390693593588e-06
L5_Q1Q2_V10,PTO(DPO),DPO,Q1Q2,5.0,10,meta-llama/Llama-3.2-1B,WAI_Bond_Mean,96,3.247395833333333,0.951795250860921,0.0971421960088986,3.056997129155892,3.437794537510775,Base,0.2083333333333333,0.3080236280693825,0.0056199534762405
L5_Q1Q2_V10,PTO(DPO),DPO,Q1Q2,5.0,10,meta-llama/Llama-3.2-1B,WAI_Goal_Mean,96,2.817708333333333,1.1559224879919994,0.1179758449078672,2.586475677313913,3.048940989352753,Base,0.3203125,0.3950250625435331,0.0002790050057735
L5_Q1Q2_V10,PTO(DPO),DPO,Q1Q2,5.0,10,meta-llama/Llama-3.2-1B,WAI_Task_Mean,96,2.890625,1.1137965537556196,0.1136763847488184,2.667819285892316,3.113430714107684,Base,0.3046875,0.3778406588786463,0.000616511017843
L5_Q1Q2_V10,PTO(DPO),DPO,Q1Q2,5.0,10,meta-llama/Llama-3.2-1B,WAI_TotalMean,96,2.985243055555555,1.0552011803184354,0.1076960194901129,2.7741588573549336,3.196327253756176,Base,0.2777777777777777,0.3858671873867992,0.0002732384054828
L0_WAI_V1,PTO(DPO),DPO,WAI,0.0,1,meta-llama/Llama-3.2-1B,CSQ8_Mean,96,2.2578125,1.265016707295537,0.129110227040407,2.0047564550008024,2.5108685449991976,Base,0.0755208333333333,0.1029944613557213,0.4183931490484789
L0_WAI_V1,PTO(DPO),DPO,WAI,0.0,1,meta-llama/Llama-3.2-1B,MITI_GlobalMean,96,2.7682291666666665,1.2184139775191498,0.1243538558498671,2.524495609200927,3.011962724132406,Base,0.0833333333333333,0.0822228889836355,0.4728707804094816
L0_WAI_V1,PTO(DPO),DPO,WAI,0.0,1,meta-llama/Llama-3.2-1B,MI_Mean,96,2.5572916666666665,1.4438472252774943,0.1473620403526323,2.2684620675755074,2.8461212657578256,Base,0.0868055555555555,0.0955281641652166,0.3370226408216369
L0_WAI_V1,PTO(DPO),DPO,WAI,0.0,1,meta-llama/Llama-3.2-1B,Q1Q2_Mean,96,2.507107843137255,1.2818955405079289,0.1308329157414029,2.250675328284105,2.7635403579904048,Base,0.129595588235294,0.1202128661481336,0.2220064593903488
L0_WAI_V1,PTO(DPO),DPO,WAI,0.0,1,meta-llama/Llama-3.2-1B,Q1_Mean,96,2.50625,1.3266350388542394,0.1353991216704259,2.2408677215259654,2.771632278474035,Base,0.1458333333333333,0.1281648672295115,0.2616919589060624
L0_WAI_V1,PTO(DPO),DPO,WAI,0.0,1,meta-llama/Llama-3.2-1B,Q2_Mean,96,2.5079656862745097,1.2579557725422277,0.1283895734048781,2.2563221224009484,2.759609250148071,Base,0.1133578431372548,0.1049659193880759,0.2963752366675919
L0_WAI_V1,PTO(DPO),DPO,WAI,0.0,1,meta-llama/Llama-3.2-1B,WAI_Bond_Mean,96,3.122395833333333,1.0349134159478135,0.1056254082097029,2.915370033242316,3.329421633424351,Base,0.0833333333333333,0.1230326377648857,0.2357921544790964
L0_WAI_V1,PTO(DPO),DPO,WAI,0.0,1,meta-llama/Llama-3.2-1B,WAI_Goal_Mean,96,2.546875,1.2979297787347033,0.1324694033276456,2.2872349694778147,2.8065150305221853,Base,0.0494791666666666,0.0612092645066917,0.5182562973047319
L0_WAI_V1,PTO(DPO),DPO,WAI,0.0,1,meta-llama/Llama-3.2-1B,WAI_Task_Mean,96,2.630208333333333,1.2465632579778496,0.1272268297561301,2.380843747011318,2.879572919655349,Base,0.0442708333333333,0.0614864264329581,0.4070809222922428
L0_WAI_V1,PTO(DPO),DPO,WAI,0.0,1,meta-llama/Llama-3.2-1B,WAI_TotalMean,96,2.766493055555556,1.1763147299132644,0.1200571193836377,2.531181101563625,3.001805009547485,Base,0.0590277777777777,0.086653622840528,0.265740554347539
L0_WAI_V2,PTO(DPO),DPO,WAI,0.0,2,meta-llama/Llama-3.2-1B,CSQ8_Mean,96,2.2604166666666665,1.2050697002481392,0.1229919112540256,2.019352520608776,2.501480812724557,Base,0.078125,0.1089463296063128,0.2754547951423455
L0_WAI_V2,PTO(DPO),DPO,WAI,0.0,2,meta-llama/Llama-3.2-1B,MITI_GlobalMean,96,2.880208333333333,1.0984313975336464,0.1121081850587357,2.660476290618212,3.099940376048456,Base,0.1953125,0.1958022153912488,0.084809411516374
L0_WAI_V2,PTO(DPO),DPO,WAI,0.0,2,meta-llama/Llama-3.2-1B,MI_Mean,96,2.5729166666666665,1.3597842321099098,0.1387823970396468,2.3009031684689587,2.8449301648643743,Base,0.1024305555555555,0.1116455433117183,0.2406361012578671
L0_WAI_V2,PTO(DPO),DPO,WAI,0.0,2,meta-llama/Llama-3.2-1B,Q1Q2_Mean,96,2.614399509803922,1.174616145189066,0.1198837583061722,2.379427343523824,2.8493716760840195,Base,0.2368872549019607,0.2292962217018194,0.0750941290624943
L0_WAI_V2,PTO(DPO),DPO,WAI,0.0,2,meta-llama/Llama-3.2-1B,Q1_Mean,96,2.5958333333333328,1.2198288634641954,0.1244982620419336,2.351816739731143,2.839849926935522,Base,0.2354166666666666,0.2227835428734357,0.0608284283857895
L0_WAI_V2,PTO(DPO),DPO,WAI,0.0,2,meta-llama/Llama-3.2-1B,Q2_Mean,96,2.6329656862745097,1.1583352931551842,0.1182221008036404,2.4012503686993747,2.8646810038496446,Base,0.2383578431372548,0.219997887356329,0.1112190062427101
L0_WAI_V2,PTO(DPO),DPO,WAI,0.0,2,meta-llama/Llama-3.2-1B,WAI_Bond_Mean,96,3.083333333333333,0.991189255566704,0.101162829777814,2.885054186968818,3.281612479697849,Base,0.0442708333333333,0.0678040255319029,0.5127904616147859
L0_WAI_V2,PTO(DPO),DPO,WAI,0.0,2,meta-llama/Llama-3.2-1B,WAI_Goal_Mean,96,2.536458333333333,1.2090552894646531,0.1233986887500589,2.294596903383218,2.778319763283449,Base,0.0390625,0.0553646446503183,0.5467511480437135
L0_WAI_V2,PTO(DPO),DPO,WAI,0.0,2,meta-llama/Llama-3.2-1B,WAI_Task_Mean,96,2.59375,1.1805718953117594,0.1204916145076771,2.357586435564953,2.829913564435047,Base,0.0078125,0.0115048737702347,0.7472495360682904
L0_WAI_V2,PTO(DPO),DPO,WAI,0.0,2,meta-llama/Llama-3.2-1B,WAI_TotalMean,96,2.737847222222222,1.109829761895879,0.1132715257499771,2.515835031752266,2.959859412692177,Base,0.0303819444444444,0.0492205462184151,0.5847283283531352
L0_WAI_V3,PTO(DPO),DPO,WAI,0.0,3,meta-llama/Llama-3.2-1B,CSQ8_Mean,96,2.1705729166666665,1.266485994227556,0.1292601855099564,1.917222953067152,2.423922880266181,Base,-0.01171875,-0.016840409647951,0.9464633271396252
L0_WAI_V3,PTO(DPO),DPO,WAI,0.0,3,meta-llama/Llama-3.2-1B,MITI_GlobalMean,96,2.5703125,1.2012620145628423,0.1226032909611141,2.330010049716216,2.810614950283784,Base,-0.1145833333333333,-0.1103172408131449,0.1680195204057346
L0_WAI_V3,PTO(DPO),DPO,WAI,0.0,3,meta-llama/Llama-3.2-1B,MI_Mean,96,2.461805555555556,1.4231747655349152,0.1452521662652345,2.177111309675696,2.746499801435415,Base,-0.0086805555555555,-0.0099314465924508,0.8429506366210875
L0_WAI_V3,PTO(DPO),DPO,WAI,0.0,3,meta-llama/Llama-3.2-1B,Q1Q2_Mean,96,2.342647058823529,1.2237228949184629,0.124895694962988,2.0978514966960726,2.587442620950985,Base,-0.0348651960784313,-0.0338304093264123,0.3582569404081801
L0_WAI_V3,PTO(DPO),DPO,WAI,0.0,3,meta-llama/Llama-3.2-1B,Q1_Mean,96,2.325,1.2653270848199478,0.1291419048138417,2.07188186656487,2.578118133435129,Base,-0.0354166666666666,-0.0334656699075421,0.5138272493245266
L0_WAI_V3,PTO(DPO),DPO,WAI,0.0,3,meta-llama/Llama-3.2-1B,Q2_Mean,96,2.3602941176470584,1.2054405291936603,0.1230297588247915,2.119155790350467,2.60143244494365,Base,-0.0343137254901961,-0.031655625731651,0.4667031138561098
L0_WAI_V3,PTO(DPO),DPO,WAI,0.0,3,meta-llama/Llama-3.2-1B,WAI_Bond_Mean,96,2.9479166666666665,1.041833320002133,0.1063316679597903,2.739506597465477,3.1563267358678555,Base,-0.0911458333333333,-0.134866450583718,0.1493610473123815
L0_WAI_V3,PTO(DPO),DPO,WAI,0.0,3,meta-llama/Llama-3.2-1B,WAI_Goal_Mean,96,2.473958333333333,1.207694174573284,0.1232597705431773,2.232369183068706,2.715547483597961,Base,-0.0234375,-0.0321032267054068,0.842150917930009
L0_WAI_V3,PTO(DPO),DPO,WAI,0.0,3,meta-llama/Llama-3.2-1B,WAI_Task_Mean,96,2.528645833333333,1.223062265309727,0.1248282697358889,2.283982424650991,2.773309242015676,Base,-0.0572916666666666,-0.0849742462460002,0.4260316274238198
L0_WAI_V3,PTO(DPO),DPO,WAI,0.0,3,meta-llama/Llama-3.2-1B,WAI_TotalMean,96,2.650173611111111,1.141560680934378,0.1165100491130558,2.4218139148495217,2.8785333073727006,Base,-0.0572916666666666,-0.0903336475208632,0.3377371932893848
L0_WAI_V4,PTO(DPO),DPO,WAI,0.0,4,meta-llama/Llama-3.2-1B,CSQ8_Mean,96,2.234375,1.2626009600069716,0.1288636708652196,1.9818022051041693,2.4869477948958303,Base,0.0520833333333333,0.0722067972324025,0.5025282206659323
L0_WAI_V4,PTO(DPO),DPO,WAI,0.0,4,meta-llama/Llama-3.2-1B,MITI_GlobalMean,96,2.859375,1.033525201485316,0.1054837241644249,2.652626900637727,3.066123099362273,Base,0.1744791666666666,0.1742363458978809,0.1392415915605477
L0_WAI_V4,PTO(DPO),DPO,WAI,0.0,4,meta-llama/Llama-3.2-1B,MI_Mean,96,2.508680555555556,1.433184364283706,0.1462737666595903,2.221983972902758,2.7953771382083525,Base,0.0381944444444444,0.0423408817898855,0.7029752779861759
L0_WAI_V4,PTO(DPO),DPO,WAI,0.0,4,meta-llama/Llama-3.2-1B,Q1Q2_Mean,96,2.5275122549019606,1.1535650977477163,0.117735244773571,2.296751175145761,2.75827333465816,Base,0.15,0.1445624983249337,0.2751430430812603
L0_WAI_V4,PTO(DPO),DPO,WAI,0.0,4,meta-llama/Llama-3.2-1B,Q1_Mean,96,2.49375,1.1883480351444096,0.1212852634559489,2.25603088362634,2.73146911637366,Base,0.1333333333333333,0.1249743089093988,0.292903016490287
L0_WAI_V4,PTO(DPO),DPO,WAI,0.0,4,meta-llama/Llama-3.2-1B,Q2_Mean,96,2.5612745098039214,1.1410429421948758,0.1164572076242286,2.333018382860433,2.789530636747409,Base,0.1666666666666666,0.1569407123608319,0.2366167064057941
L0_WAI_V4,PTO(DPO),DPO,WAI,0.0,4,meta-llama/Llama-3.2-1B,WAI_Bond_Mean,96,3.0390625,0.9412534511015226,0.0960662780763519,2.85077259497035,3.22735240502965,Base,0.0,0.0,0.8634743511535501
L0_WAI_V4,PTO(DPO),DPO,WAI,0.0,4,meta-llama/Llama-3.2-1B,WAI_Goal_Mean,96,2.5859375,1.1808940218281545,0.1205244914075849,2.3497094968411334,2.8221655031588666,Base,0.0885416666666666,0.1143094114130355,0.2877791277454153
L0_WAI_V4,PTO(DPO),DPO,WAI,0.0,4,meta-llama/Llama-3.2-1B,WAI_Task_Mean,96,2.6171875,1.1865214111892488,0.1210988344291952,2.379833784518777,2.854541215481223,Base,0.03125,0.0420245388783238,0.5321268306080775
L0_WAI_V4,PTO(DPO),DPO,WAI,0.0,4,meta-llama/Llama-3.2-1B,WAI_TotalMean,96,2.747395833333333,1.0871695320299724,0.1109587757239085,2.529916632914473,2.964875033752194,Base,0.0399305555555555,0.0567784773635961,0.8009580494395183
L0_WAI_V5,PTO(DPO),DPO,WAI,0.0,5,meta-llama/Llama-3.2-1B,CSQ8_Mean,96,2.3111979166666665,1.2869531019941851,0.1313491009490729,2.0537536788064834,2.5686421545268496,Base,0.12890625,0.1680159852999305,0.1620836820563165
L0_WAI_V5,PTO(DPO),DPO,WAI,0.0,5,meta-llama/Llama-3.2-1B,MITI_GlobalMean,96,2.9322916666666665,1.1616000572410696,0.118555309392848,2.6999232602566843,3.1646600730766488,Base,0.2473958333333333,0.2489575696716479,0.0260448390558569
L0_WAI_V5,PTO(DPO),DPO,WAI,0.0,5,meta-llama/Llama-3.2-1B,MI_Mean,96,2.6666666666666665,1.45658416402918,0.1486619987204119,2.3752891491746597,2.9580441841586738,Base,0.1961805555555555,0.2035132915216964,0.0606452427786625
L0_WAI_V5,PTO(DPO),DPO,WAI,0.0,5,meta-llama/Llama-3.2-1B,Q1Q2_Mean,96,2.5964460784313723,1.3151281981246468,0.1342247096563019,2.3333656475050204,2.859526509357724,Base,0.2189338235294117,0.2074977281795623,0.0691163779661543
L0_WAI_V5,PTO(DPO),DPO,WAI,0.0,5,meta-llama/Llama-3.2-1B,Q1_Mean,96,2.61875,1.3636107254368146,0.1391729368794419,2.3459710437162937,2.891528956283706,Base,0.2583333333333333,0.2310182108285045,0.0540987950269971
L0_WAI_V5,PTO(DPO),DPO,WAI,0.0,5,meta-llama/Llama-3.2-1B,Q2_Mean,96,2.574142156862745,1.287790465396346,0.1314345639934302,2.3165304114356218,2.831753902289869,Base,0.1795343137254901,0.1728463611452665,0.0880616346134926
L0_WAI_V5,PTO(DPO),DPO,WAI,0.0,5,meta-llama/Llama-3.2-1B,WAI_Bond_Mean,96,3.09375,1.0414122496323013,0.1062886926451281,2.885424162415549,3.3020758375844514,Base,0.0546875,0.083473919828106,0.6120413362401459
L0_WAI_V5,PTO(DPO),DPO,WAI,0.0,5,meta-llama/Llama-3.2-1B,WAI_Goal_Mean,96,2.606770833333333,1.247494748257412,0.1273218995846839,2.3572199101473528,2.856321756519314,Base,0.109375,0.1423286696904294,0.2301669567391785
L0_WAI_V5,PTO(DPO),DPO,WAI,0.0,5,meta-llama/Llama-3.2-1B,WAI_Task_Mean,96,2.6640625,1.2653417080606704,0.1291433972920982,2.410941441307487,2.917183558692513,Base,0.078125,0.1011574747069842,0.3078266832110627
L0_WAI_V5,PTO(DPO),DPO,WAI,0.0,5,meta-llama/Llama-3.2-1B,WAI_TotalMean,96,2.788194444444444,1.166536124693284,0.1190590946675932,2.5548386188959613,3.021550269992927,Base,0.0807291666666666,0.1179823736967939,0.4140710652690628
L5_WAI_V1,PTO(DPO),DPO,WAI,5.0,1,meta-llama/Llama-3.2-1B,CSQ8_Mean,96,2.2252604166666665,1.2201191421098936,0.1245278884821498,1.981185755241653,2.4693350780916803,Base,0.04296875,0.0559369905337942,0.635190944450988
L5_WAI_V1,PTO(DPO),DPO,WAI,5.0,1,meta-llama/Llama-3.2-1B,MITI_GlobalMean,96,2.7760416666666665,1.2093273286084698,0.1234264536289095,2.534125817554004,3.017957515779329,Base,0.0911458333333333,0.0823015001543987,0.415107112315618
L5_WAI_V1,PTO(DPO),DPO,WAI,5.0,1,meta-llama/Llama-3.2-1B,MI_Mean,96,2.543402777777777,1.427844404775784,0.1457287593245264,2.2577744095017054,2.829031146053849,Base,0.0729166666666666,0.0728780536583378,0.3773234514785781
L5_WAI_V1,PTO(DPO),DPO,WAI,5.0,1,meta-llama/Llama-3.2-1B,Q1Q2_Mean,96,2.475980392156863,1.2261230151469027,0.12514065620803,2.230704705989124,2.721256078324602,Base,0.0984681372549019,0.0927346698698536,0.6741481203584452
L5_WAI_V1,PTO(DPO),DPO,WAI,5.0,1,meta-llama/Llama-3.2-1B,Q1_Mean,96,2.466666666666667,1.2770580225590598,0.1303391886332244,2.211201856945547,2.722131476387786,Base,0.10625,0.093484520245065,0.5569601749606206
L5_WAI_V1,PTO(DPO),DPO,WAI,5.0,1,meta-llama/Llama-3.2-1B,Q2_Mean,96,2.4852941176470584,1.2022561198922,0.1227047514114269,2.2447928048806616,2.7257954304134557,Base,0.0906862745098038,0.0870891563297764,0.6306812789824849
L5_WAI_V1,PTO(DPO),DPO,WAI,5.0,1,meta-llama/Llama-3.2-1B,WAI_Bond_Mean,96,2.981770833333333,0.9935613718142444,0.1014049328785239,2.7830171648914264,3.1805245017752406,Base,-0.0572916666666666,-0.0978614746378485,0.4133326538753887
L5_WAI_V1,PTO(DPO),DPO,WAI,5.0,1,meta-llama/Llama-3.2-1B,WAI_Goal_Mean,96,2.5390625,1.162646779075544,0.1186621399927268,2.3064847056142552,2.7716402943857448,Base,0.0416666666666666,0.0547814828826155,0.7151818706862039
L5_WAI_V1,PTO(DPO),DPO,WAI,5.0,1,meta-llama/Llama-3.2-1B,WAI_Task_Mean,96,2.614583333333333,1.175359220938694,0.1199595981572899,2.379462520945045,2.849704145721622,Base,0.0286458333333333,0.0381333999557862,0.8590485624818882
L5_WAI_V1,PTO(DPO),DPO,WAI,5.0,1,meta-llama/Llama-3.2-1B,WAI_TotalMean,96,2.711805555555556,1.0940373125837786,0.1116597156415016,2.492952512898212,2.9306585982128985,Base,0.0043402777777777,0.0067341331108605,0.8583417784839221
L5_WAI_V2,PTO(DPO),DPO,WAI,5.0,2,meta-llama/Llama-3.2-1B,CSQ8_Mean,96,2.27734375,1.2446204141540294,0.1270285390887019,2.028367813386144,2.526319686613856,Base,0.0950520833333333,0.1326577065476939,0.1807454943136254
L5_WAI_V2,PTO(DPO),DPO,WAI,5.0,2,meta-llama/Llama-3.2-1B,MITI_GlobalMean,96,2.833333333333333,1.1531801946805662,0.1176959607687814,2.6026492502265217,3.064017416440145,Base,0.1484375,0.1542745411137027,0.107947636629928
L5_WAI_V2,PTO(DPO),DPO,WAI,5.0,2,meta-llama/Llama-3.2-1B,MI_Mean,96,2.592013888888889,1.3946157515752895,0.1423373741086468,2.313032635635941,2.8709951421418367,Base,0.1215277777777777,0.1310521571172728,0.1673956636503797
L5_WAI_V2,PTO(DPO),DPO,WAI,5.0,2,meta-llama/Llama-3.2-1B,Q1Q2_Mean,96,2.540563725490196,1.2959549241006785,0.1322678455705818,2.281318748171856,2.7998087028085363,Base,0.1630514705882353,0.1642675185023338,0.0944255192969455
L5_WAI_V2,PTO(DPO),DPO,WAI,5.0,2,meta-llama/Llama-3.2-1B,Q1_Mean,96,2.54375,1.3259207327263889,0.1353262181065352,2.278510612511191,2.808989387488809,Base,0.1833333333333333,0.175446242166417,0.0874125646406547
L5_WAI_V2,PTO(DPO),DPO,WAI,5.0,2,meta-llama/Llama-3.2-1B,Q2_Mean,96,2.537377450980392,1.279615329641426,0.1306001926943662,2.2814010732994343,2.793353828661349,Base,0.1427696078431372,0.1442201826030956,0.1470274174613103
L5_WAI_V2,PTO(DPO),DPO,WAI,5.0,2,meta-llama/Llama-3.2-1B,WAI_Bond_Mean,96,3.098958333333333,0.9661910883972412,0.0986114650248982,2.9056798618845328,3.292236804782134,Base,0.0598958333333333,0.0864587312664879,0.2744279876920052
L5_WAI_V2,PTO(DPO),DPO,WAI,5.0,2,meta-llama/Llama-3.2-1B,WAI_Goal_Mean,96,2.5807291666666665,1.1496537188412927,0.1173360413355951,2.3507505256489,2.810707807684433,Base,0.0833333333333333,0.1109598071253924,0.2640333605783053
L5_WAI_V2,PTO(DPO),DPO,WAI,5.0,2,meta-llama/Llama-3.2-1B,WAI_Task_Mean,96,2.625,1.1395982671653708,0.1163097610964608,2.3970328682509368,2.8529671317490632,Base,0.0390625,0.0493935311196939,0.3585937530095406
L5_WAI_V2,PTO(DPO),DPO,WAI,5.0,2,meta-llama/Llama-3.2-1B,WAI_TotalMean,96,2.768229166666666,1.0698693097347365,0.1091930791797398,2.554210731474376,2.982247601858956,Base,0.0607638888888888,0.0867941727025723,0.3084287205756483
L5_WAI_V3,PTO(DPO),DPO,WAI,5.0,3,meta-llama/Llama-3.2-1B,CSQ8_Mean,96,2.102864583333333,1.269453206946673,0.1295630253899619,1.848921053569008,2.356808113097659,Base,-0.0794270833333333,-0.1161689497036062,0.3904584969346109
L5_WAI_V3,PTO(DPO),DPO,WAI,5.0,3,meta-llama/Llama-3.2-1B,MITI_GlobalMean,96,2.5729166666666665,1.083923590885074,0.1106274882430707,2.356086789710248,2.7897465436230853,Base,-0.1119791666666666,-0.1031386828898064,0.4169185806092776
L5_WAI_V3,PTO(DPO),DPO,WAI,5.0,3,meta-llama/Llama-3.2-1B,MI_Mean,96,2.371527777777778,1.4219415041855752,0.1451262970558437,2.087080235548324,2.655975320007232,Base,-0.0989583333333333,-0.1093444534001837,0.707566142323558
L5_WAI_V3,PTO(DPO),DPO,WAI,5.0,3,meta-llama/Llama-3.2-1B,Q1Q2_Mean,96,2.349387254901961,1.2133388672680383,0.1238358795788841,2.106668930927348,2.592105578876574,Base,-0.028125,-0.0270309123138837,0.7978571084071743
L5_WAI_V3,PTO(DPO),DPO,WAI,5.0,3,meta-llama/Llama-3.2-1B,Q1_Mean,96,2.3041666666666667,1.255213688384879,0.1281097106124917,2.0530716338661827,2.55526169946715,Base,-0.05625,-0.053561521341367,0.4756106366552548
L5_WAI_V3,PTO(DPO),DPO,WAI,5.0,3,meta-llama/Llama-3.2-1B,Q2_Mean,96,2.3946078431372544,1.1959659220629453,0.1220627607838087,2.155364832000989,2.63385085427352,Base,-4.625929269271486e-17,-4.234330420754326e-17,0.9617961016934956
L5_WAI_V3,PTO(DPO),DPO,WAI,5.0,3,meta-llama/Llama-3.2-1B,WAI_Bond_Mean,96,2.958333333333333,1.061073603941996,0.1082953712164125,2.746074405749165,3.170592260917502,Base,-0.0807291666666666,-0.1227928336447349,0.2066387620760751
L5_WAI_V3,PTO(DPO),DPO,WAI,5.0,3,meta-llama/Llama-3.2-1B,WAI_Goal_Mean,96,2.403645833333333,1.210898856910298,0.1235868470645687,2.1614156130867785,2.6458760535798884,Base,-0.09375,-0.1375108565488187,0.1652667178120791
L5_WAI_V3,PTO(DPO),DPO,WAI,5.0,3,meta-llama/Llama-3.2-1B,WAI_Task_Mean,96,2.4765625,1.238142775650182,0.1263674178773422,2.228882360960409,2.724242639039591,Base,-0.109375,-0.1515584340946014,0.2143473859305231
L5_WAI_V3,PTO(DPO),DPO,WAI,5.0,3,meta-llama/Llama-3.2-1B,WAI_TotalMean,96,2.612847222222222,1.154255992278793,0.1178057589013717,2.381947934775533,2.8437465096689105,Base,-0.0946180555555555,-0.1490707450481858,0.4336209234724492
L5_WAI_V4,PTO(DPO),DPO,WAI,5.0,4,meta-llama/Llama-3.2-1B,CSQ8_Mean,96,2.1861979166666665,1.3275911594811318,0.1354967053232774,1.9206243742330429,2.45177145910029,Base,0.00390625,0.0051171953207195,0.9348604317702618
L5_WAI_V4,PTO(DPO),DPO,WAI,5.0,4,meta-llama/Llama-3.2-1B,MITI_GlobalMean,96,2.802083333333333,1.2149922388027328,0.1240046261045193,2.559034266168476,3.0451324004981912,Base,0.1171875,0.1128219424948458,0.3116259894107348
L5_WAI_V4,PTO(DPO),DPO,WAI,5.0,4,meta-llama/Llama-3.2-1B,MI_Mean,96,2.451388888888889,1.4585734973505753,0.1488650342023175,2.1596134218523466,2.743164355925431,Base,-0.0190972222222222,-0.0206474023593651,0.9692798690075196
L5_WAI_V4,PTO(DPO),DPO,WAI,5.0,4,meta-llama/Llama-3.2-1B,Q1Q2_Mean,96,2.531617647058824,1.290916460064624,0.1317536094882611,2.273380572461832,2.789854721655816,Base,0.1541053921568627,0.1486752441127536,0.1906953890992507
L5_WAI_V4,PTO(DPO),DPO,WAI,5.0,4,meta-llama/Llama-3.2-1B,Q1_Mean,96,2.50625,1.321228495318696,0.1348473186314999,2.24194925548226,2.77055074451774,Base,0.1458333333333333,0.1398395151099316,0.2924849259108454
L5_WAI_V4,PTO(DPO),DPO,WAI,5.0,4,meta-llama/Llama-3.2-1B,Q2_Mean,96,2.5569852941176467,1.2838873180383774,0.1310362006843504,2.30015434077632,2.8138162474589734,Base,0.1623774509803921,0.1500452967833593,0.1593792658400348
L5_WAI_V4,PTO(DPO),DPO,WAI,5.0,4,meta-llama/Llama-3.2-1B,WAI_Bond_Mean,96,3.0703125,1.030267674084341,0.1051512541662781,2.8642160418340947,3.2764089581659053,Base,0.03125,0.042175345124481,0.6014151128751523
L5_WAI_V4,PTO(DPO),DPO,WAI,5.0,4,meta-llama/Llama-3.2-1B,WAI_Goal_Mean,96,2.473958333333333,1.27034970665285,0.1296545240080739,2.2198354662775084,2.7280812003891586,Base,-0.0234375,-0.028117000741298,0.895762508608599
L5_WAI_V4,PTO(DPO),DPO,WAI,5.0,4,meta-llama/Llama-3.2-1B,WAI_Task_Mean,96,2.5625,1.25813144656753,0.1284075030600052,2.31082129400239,2.81417870599761,Base,-0.0234375,-0.0284144987065038,0.735413718047775
L5_WAI_V4,PTO(DPO),DPO,WAI,5.0,4,meta-llama/Llama-3.2-1B,WAI_TotalMean,96,2.702256944444444,1.1726503688954204,0.1196831271033434,2.467678015321891,2.9368358735669973,Base,-0.0052083333333333,-0.0069650100456632,0.9140141602464706
L5_WAI_V5,PTO(DPO),DPO,WAI,5.0,5,meta-llama/Llama-3.2-1B,CSQ8_Mean,96,2.263020833333333,1.2483514348229674,0.1274093347911467,2.0132985371426857,2.5127431295239813,Base,0.0807291666666666,0.1161735645963114,0.3806801475533097
L5_WAI_V5,PTO(DPO),DPO,WAI,5.0,5,meta-llama/Llama-3.2-1B,MITI_GlobalMean,96,2.8307291666666665,1.1358365753387203,0.1159258350320903,2.603514530003769,3.057943803329564,Base,0.1458333333333333,0.1467371342233953,0.1673113243721299
L5_WAI_V5,PTO(DPO),DPO,WAI,5.0,5,meta-llama/Llama-3.2-1B,MI_Mean,96,2.614583333333333,1.4423244113590878,0.1472066188079113,2.3260583604698275,2.9031083061968395,Base,0.1440972222222221,0.1775272296935821,0.0522791314166372
L5_WAI_V5,PTO(DPO),DPO,WAI,5.0,5,meta-llama/Llama-3.2-1B,Q1Q2_Mean,96,2.5894607843137254,1.2404280509282,0.1266006578087148,2.3413234950086443,2.8375980736188064,Base,0.2119485294117646,0.2102176779019248,0.0963235419936488
L5_WAI_V5,PTO(DPO),DPO,WAI,5.0,5,meta-llama/Llama-3.2-1B,Q1_Mean,96,2.59375,1.3024521407511942,0.1329309649681684,2.33320530866239,2.85429469133761,Base,0.2333333333333333,0.2294845026041394,0.0608211865359757
L5_WAI_V5,PTO(DPO),DPO,WAI,5.0,5,meta-llama/Llama-3.2-1B,Q2_Mean,96,2.585171568627451,1.2006605900950096,0.1225419083334051,2.3449894282939767,2.825353708960925,Base,0.190563725490196,0.1797915203308498,0.1424447847383129
L5_WAI_V5,PTO(DPO),DPO,WAI,5.0,5,meta-llama/Llama-3.2-1B,WAI_Bond_Mean,96,3.0807291666666665,1.0491191741964625,0.1070752773396413,2.8708616230809696,3.2905967102523634,Base,0.0416666666666666,0.0724073587908302,0.3522181401127879
L5_WAI_V5,PTO(DPO),DPO,WAI,5.0,5,meta-llama/Llama-3.2-1B,WAI_Goal_Mean,96,2.630208333333333,1.2952235971702597,0.1321932048283034,2.3711096518698587,2.8893070147968083,Base,0.1328125,0.1861300820121253,0.093254718426198
L5_WAI_V5,PTO(DPO),DPO,WAI,5.0,5,meta-llama/Llama-3.2-1B,WAI_Task_Mean,96,2.669270833333333,1.2562971864228762,0.128220294667925,2.4179590557842,2.920582610882467,Base,0.0833333333333333,0.122332920406769,0.1855032549267375
L5_WAI_V5,PTO(DPO),DPO,WAI,5.0,5,meta-llama/Llama-3.2-1B,WAI_TotalMean,96,2.793402777777777,1.1843879144810667,0.1208810853332388,2.556475850524629,3.030329705030925,Base,0.0859375,0.1413459317490147,0.1171447973171463
