pair,metric,primary_n,primary_delta,primary_dz,primary_ci_lo,primary_ci_hi,primary_p,primary_p_holm,judge_delta,judge_dz,judge_ci_lo,judge_ci_hi,judge_p,judge_p_holm,same_sign,judge_ci_excl0,favours_primary,favours_judge
PTO_LA0_I10 − GRPO_LA0_I10 (K=0 headline),Q1Q2,96,0.5071691176470589,0.7287306369635,0.3751148897058824,0.6448697916666666,5.941827490474056e-11,4.753461992379244e-10,0.6088848039215687,1.2652053280246487,0.5098544730392157,0.7019071691176472,4.1954871138082496e-16,3.775938402427424e-15,True,True,A,A
PTO_LA0_I10 − GRPO_LA0_I10 (K=0 headline),Q1,96,0.5333333333333333,0.7075724426009867,0.3916666666666668,0.6854687499999998,5.211078034966375e-10,3.6477546244764627e-09,0.7729166666666667,1.2086520478936804,0.6479166666666667,0.8937500000000002,5.414686702130524e-15,4.3317493617044194e-14,True,True,A,A
PTO_LA0_I10 − GRPO_LA0_I10 (K=0 headline),Q2,96,0.4810049019607843,0.699718656981454,0.34741115196078426,0.617080269607843,2.205276282415854e-09,1.3231657694495124e-08,0.44485294117647056,0.9309072390825961,0.349249387254902,0.5386182598039215,3.375554225241858e-12,2.3628879576693006e-11,True,True,A,A
PTO_LA0_I10 − GRPO_LA0_I10 (K=0 headline),WAI-SR,96,0.05902777777777779,0.11737399671739958,-0.038216145833333375,0.1614583333333334,0.24183947646783976,0.24183947646783976,0.28559027777777785,0.47575733301081025,0.17011718750000004,0.40277777777777785,2.229219517862334e-06,6.687658553587002e-06,True,True,A,A
PTO_LA0_I10 − GRPO_LA0_I10 (K=0 headline),CSQ-8,96,0.171875,0.3095435638561718,0.06640625,0.28125,0.0036550190504200716,0.014620076201680286,0.32421875,0.6030936085059069,0.22262369791666667,0.43359375,1.8264172005158036e-08,1.0958503203094822e-07,True,True,A,A
PTO_LA0_I10 − GRPO_LA0_I10 (K=0 headline),MI-SAT,96,0.17361111111111116,0.26682792815006834,0.05203993055555564,0.3020833333333334,0.0037066361370733125,0.014620076201680286,0.24826388888888887,0.5095084348808456,0.1579861111111111,0.3506944444444444,3.0518753580686937e-06,6.687658553587002e-06,True,True,A,A
PTO_LA0_I10 − GRPO_LA0_I10 (K=0 headline),MITI,96,0.3515625,0.45862805458566125,0.2056640625,0.5104166666666666,2.190380044771878e-05,0.00010951900223859389,0.2526041666666667,0.6479867210677973,0.17708333333333334,0.3307291666666667,2.747370082886503e-08,1.0989480331546012e-07,True,True,A,A
PTO_LA0_I10 − GRPO_LA0_I10 (K=0 headline),PCT,96,0.055979541265193354,0.287488712130187,0.019124329052825337,0.09433927941374608,0.0047827435623417945,0.014620076201680286,0.020709053829941988,0.12187815009658794,-0.011854901350172732,0.05553944323372776,0.20362211881626846,0.20362211881626846,True,False,A,A
PTO_LA0_I10 − GRPO_LA0_I10 (K=0 headline),MICI,96,-0.346263353300871,-0.989290073227094,-0.41359337437275956,-0.27532156321877466,3.7359003378202126e-13,3.3623103040381914e-12,-0.2244634610861244,-0.6672306196893123,-0.2906269259066684,-0.15667661515932788,1.8763290866188872e-08,1.0958503203094822e-07,True,True,A,A
PTO_LA5_I10 − GRPO_LA5_I5 (K=5 endpoints),Q1Q2,96,0.26519607843137255,0.3781774278118709,0.1313082107843138,0.4180009191176468,7.299941025644287e-05,0.0005109958717951001,-0.1306985294117647,-0.18675665444782436,-0.2710186887254902,0.011029411764705883,0.1455006890358069,0.8184646448635087,False,False,A,B
PTO_LA5_I10 − GRPO_LA5_I5 (K=5 endpoints),Q1,96,0.23750000000000004,0.2903920513256678,0.07703125000000001,0.41463541666666653,0.00306868153577262,0.015343407678863101,-0.20624999999999996,-0.22698509954204077,-0.37927083333333333,-0.01666666666666664,0.048004977079625616,0.3840398166370049,False,True,A,B
PTO_LA5_I10 − GRPO_LA5_I5 (K=5 endpoints),Q2,96,0.29289215686274506,0.4660414514064747,0.1709558823529412,0.42709865196078417,1.0073584295417387e-06,9.066225865875649e-06,-0.05514705882352938,-0.09392007517897485,-0.17403492647058819,0.06747855392156829,0.3893846795176168,0.8184646448635087,False,False,A,B
PTO_LA5_I10 − GRPO_LA5_I5 (K=5 endpoints),WAI-SR,96,0.07204861111111113,0.1162887615637671,-0.054709201388888865,0.19707031249999996,0.03149536751780181,0.09448610255340543,0.04079861111111111,0.0638810040343855,-0.08684895833333334,0.17102864583333327,0.37546769893331644,0.8184646448635087,True,False,A,A
PTO_LA5_I10 − GRPO_LA5_I5 (K=5 endpoints),CSQ-8,96,0.045572916666666664,0.06749059140897279,-0.08463541666666667,0.18619791666666666,0.45414123674756957,0.45414123674756957,0.07161458333333333,0.11961230518727668,-0.04296875,0.18880208333333334,0.1364107741439181,0.8184646448635087,True,False,A,A
PTO_LA5_I10 − GRPO_LA5_I5 (K=5 endpoints),MI-SAT,96,0.15104166666666663,0.17969968430174862,-0.013975694444444457,0.3229166666666666,0.041569552522486085,0.09448610255340543,0.08680555555555552,0.13962130422360894,-0.03993055555555559,0.21180555555555555,0.20374309754019837,0.8184646448635087,True,False,A,A
PTO_LA5_I10 − GRPO_LA5_I5 (K=5 endpoints),MITI,96,0.24739583333333334,0.3768746952338266,0.11458333333333333,0.377669270833333,5.000969406098645e-05,0.0004000775524878916,-0.036458333333333336,-0.09100406174560942,-0.11458333333333333,0.046875,0.24209149264409013,0.8184646448635087,False,False,A,B
PTO_LA5_I10 − GRPO_LA5_I5 (K=5 endpoints),PCT,96,0.05957643633643095,0.2721404882125898,0.01843087585586103,0.10322482510154973,0.0006254165662586301,0.003752499397551781,0.06224071294666681,0.2617130991400007,0.017294146421705018,0.10863716435595064,0.0016138696051514942,0.014524826446363447,True,True,A,A
PTO_LA5_I10 − GRPO_LA5_I5 (K=5 endpoints),MICI,96,-0.07659937190969505,-0.28791745138082525,-0.13002704875872925,-0.022076774370713335,0.00360061078695904,0.015343407678863101,-0.06594144026160868,-0.17438517432002384,-0.14115961220534884,0.008505776405069141,0.09595571489560437,0.6716900042692305,True,False,A,A
"PTO_LA5_I10 − PTO_LA0_I10 (K lever, PTO endpoint)",Q1Q2,96,0.04699754901960781,0.09566621301885612,-0.05424479166666666,0.1423560049019606,0.08690946083826036,0.6952756867060829,-0.1990808823529412,-0.30781875524334984,-0.3315732230392157,-0.06844209558823533,0.032362563631031745,0.12945025452412698,False,True,A,B
"PTO_LA5_I10 − PTO_LA0_I10 (K lever, PTO endpoint)",Q1,96,0.0854166666666667,0.1387958104599394,-0.04374999999999998,0.2083333333333334,0.09367262609390796,0.6952756867060829,-0.03541666666666666,-0.041306525594239474,-0.2104166666666667,0.13541666666666666,0.8538891470268303,1.0,False,False,A,B
"PTO_LA5_I10 − PTO_LA0_I10 (K lever, PTO endpoint)",Q2,96,0.008578431372548878,0.019791544652842847,-0.07967218137254908,0.0931372549019606,0.3044223710359546,1.0,-0.36274509803921573,-0.6532662844103057,-0.4779718137254902,-0.2512101715686275,3.19889810287384e-08,2.559118482299072e-07,False,True,A,B
"PTO_LA5_I10 − PTO_LA0_I10 (K lever, PTO endpoint)",WAI-SR,96,0.038194444444444406,0.07302995387505037,-0.07552083333333337,0.14498697916666653,0.2866300197281798,1.0,-0.10416666666666663,-0.17366048555206204,-0.22569444444444442,0.013888888888888918,0.11868601208292755,0.35605803624878263,False,False,A,B
"PTO_LA5_I10 − PTO_LA0_I10 (K lever, PTO endpoint)",CSQ-8,96,0.0078125,0.01555543750044148,-0.09375,0.10810546874999982,0.6258656291612832,1.0,-0.0013020833333333333,-0.0023080821053041525,-0.12763671875,0.11328125,0.9964484697235714,1.0,False,False,A,B
"PTO_LA5_I10 − PTO_LA0_I10 (K lever, PTO endpoint)",MI-SAT,96,0.05729166666666664,0.0850563519442379,-0.08506944444444449,0.1892795138888886,0.09944464997436775,0.6952756867060829,0.11111111111111112,0.19741924671712985,-0.0017795138888889069,0.22569444444444442,0.01692802610188992,0.0846401305094496,True,False,A,A
"PTO_LA5_I10 − PTO_LA0_I10 (K lever, PTO endpoint)",MITI,96,-0.015625,-0.026420383797185743,-0.14322916666666666,0.10416666666666667,0.9445827964956923,1.0,-0.203125,-0.4868214849847903,-0.2864583333333333,-0.125,9.717025439168501e-06,6.801917807417951e-05,True,True,B,B
"PTO_LA5_I10 − PTO_LA0_I10 (K lever, PTO endpoint)",PCT,96,0.007653542203058877,0.04353172037239663,-0.028929440652177615,0.04328374537470119,0.2679143352247111,1.0,0.05134661039960375,0.2528897685169886,0.009623347759529128,0.0920738970678818,0.0027654866763637377,0.016592920058182428,True,True,A,A
"PTO_LA5_I10 − PTO_LA0_I10 (K lever, PTO endpoint)",MICI,96,-0.2277253368587162,-0.7078745170547895,-0.29100962044348655,-0.16379159612426658,2.9349094122165854e-09,2.6414184709949267e-08,-0.24457241001667826,-0.6552098137093415,-0.31592183688642533,-0.16772739652870391,6.849761233738526e-09,6.164785110364674e-08,True,True,A,A
"GRPO_LA5_I5 − GRPO_LA0_I5 (K lever, GRPO matched iter)",Q1Q2,96,0.06979166666666664,0.1346954978083373,-0.03617647058823536,0.17696537990196076,0.12179673723969116,0.3653902117190735,0.3110906862745098,0.42905279981954053,0.16753982843137255,0.4547794117647059,0.001079858264385145,0.00647914958631087,True,True,A,A
"GRPO_LA5_I5 − GRPO_LA0_I5 (K lever, GRPO matched iter)",Q1,96,0.11875000000000002,0.21003895038785372,0.004114583333333304,0.2395833333333334,0.04095511570231295,0.20477557851156475,0.45,0.49893131132065577,0.26666666666666666,0.6291666666666665,1.8270666437513163e-05,0.00016443599793761847,True,True,A,A
"GRPO_LA5_I5 − GRPO_LA0_I5 (K lever, GRPO matched iter)",Q2,96,0.020833333333333287,0.03935451563837282,-0.08887867647058831,0.12440257352941164,0.35872816827002707,0.3653902117190735,0.17218137254901955,0.25686272840020397,0.03797487745098034,0.30822610294117636,0.06086612268784277,0.1825983680635283,True,True,A,A
"GRPO_LA5_I5 − GRPO_LA0_I5 (K lever, GRPO matched iter)",WAI-SR,96,0.2552083333333333,0.4458822078713585,0.14409722222222224,0.3776258680555555,7.22221186057721e-05,0.0006499990674519488,0.109375,0.19448516829426166,-0.0017361111111111212,0.21961805555555555,0.13764823548601435,0.2752964709720287,True,False,A,A
"GRPO_LA5_I5 − GRPO_LA0_I5 (K lever, GRPO matched iter)",CSQ-8,96,0.19270833333333334,0.3614942227094556,0.08203125,0.3033854166666667,0.0007367198254060477,0.005893758603248382,0.13671875,0.2236458130543389,0.012988281250000002,0.2552083333333333,0.027625596795288573,0.13812798397644288,True,True,A,A
"GRPO_LA5_I5 − GRPO_LA0_I5 (K lever, GRPO matched iter)",MI-SAT,96,0.2378472222222222,0.34499995735522127,0.0989583333333333,0.3854600694444442,0.00314376573289194,0.02200636013024358,0.22916666666666666,0.40216587755077676,0.11458333333333337,0.3403211805555554,0.0003854269034415117,0.003083415227532094,True,True,A,A
"GRPO_LA5_I5 − GRPO_LA0_I5 (K lever, GRPO matched iter)",MITI,96,0.0703125,0.14623441532040124,-0.028645833333333332,0.16927083333333334,0.16440599243109266,0.3653902117190735,0.09895833333333333,0.21207403807336472,0.0026041666666666665,0.19016927083333296,0.04278341859585862,0.1711336743834345,True,True,A,A
"GRPO_LA5_I5 − GRPO_LA0_I5 (K lever, GRPO matched iter)",PCT,96,0.05593113725369917,0.3093732097154723,0.019493301347076986,0.0939077899887207,0.0033783495791212675,0.02200636013024358,0.06744086563770194,0.3729990632089324,0.031171075067952483,0.10535669094036083,0.0005574574664504758,0.0039022022651533307,True,True,A,A
"GRPO_LA5_I5 − GRPO_LA0_I5 (K lever, GRPO matched iter)",MICI,96,0.06298907055220994,0.2429304993301655,0.012561273117903754,0.11673686140684822,0.043888484640511365,0.20477557851156475,0.017977207075272925,0.052997955799543285,-0.05044167531478214,0.08492444521620497,0.6360645782349432,0.6360645782349432,True,False,B,B
GRPO_LA5_I5 − GRPO_LA0_I10 (K=5 endpoint vs K=0 endpoint),Q1Q2,96,0.28897058823529403,0.3590738444572109,0.12046109068627446,0.4482322303921568,0.002648390460029314,0.0185387332202052,0.5405024509803922,0.838375534539019,0.39858915441176457,0.6669148284313726,1.0056953473150165e-10,7.039867431205116e-10,True,True,A,A
GRPO_LA5_I5 − GRPO_LA0_I10 (K=5 endpoint vs K=0 endpoint),Q1,96,0.3812500000000001,0.4215990037503813,0.19578125,0.5666666666666668,0.00010976324058383711,0.0008781059246706969,0.94375,1.0996220369636376,0.7583333333333333,1.1083333333333332,4.761228089522184e-13,3.808982471617747e-12,True,True,A,A
GRPO_LA5_I5 − GRPO_LA0_I10 (K=5 endpoint vs K=0 endpoint),Q2,96,0.19669117647058817,0.2621003465646525,0.041636029411764544,0.34866727941176456,0.11061892302954769,0.5530946151477385,0.1372549019607843,0.24239017637255525,0.018367034313725484,0.24635416666666654,0.021816979515263173,0.08726791806105269,True,True,A,A
GRPO_LA5_I5 − GRPO_LA0_I10 (K=5 endpoint vs K=0 endpoint),WAI-SR,96,0.025173611111111067,0.04267506210602258,-0.09290364583333338,0.14151475694444426,0.5965919990497806,1.0,0.14062500000000008,0.20466121567916756,0.0016927083333334336,0.2804036458333333,0.10717543987246504,0.21435087974493008,True,True,A,A
GRPO_LA5_I5 − GRPO_LA0_I10 (K=5 endpoint vs K=0 endpoint),CSQ-8,96,0.13411458333333334,0.21560753766758106,0.0078125,0.2604166666666667,0.030307958028034244,0.18184774816820548,0.2513020833333333,0.3448375545715601,0.1015625,0.3971354166666667,0.0019145736533676618,0.009572868266838308,True,True,A,A
GRPO_LA5_I5 − GRPO_LA0_I10 (K=5 endpoint vs K=0 endpoint),MI-SAT,96,0.0798611111111112,0.09717316050902498,-0.09032118055555549,0.24657118055555544,0.21365530180306525,0.854621207212261,0.2725694444444445,0.3854444041970345,0.12847222222222227,0.4166666666666667,0.00020368592594370861,0.0012221155556622516,True,True,A,A
GRPO_LA5_I5 − GRPO_LA0_I10 (K=5 endpoint vs K=0 endpoint),MITI,96,0.08854166666666667,0.11456092910185382,-0.059895833333333336,0.24479166666666666,0.616181811048413,1.0,0.0859375,0.20253581121547778,-0.0026041666666666665,0.16933593749999964,0.04349275674646239,0.13047827023938718,True,False,A,A
GRPO_LA5_I5 − GRPO_LA0_I10 (K=5 endpoint vs K=0 endpoint),PCT,96,0.004056647131821283,0.01831040628724009,-0.04205663309795711,0.05028504313158676,0.9912594971819626,1.0,0.009814951282878915,0.04638592724194982,-0.03261456305710007,0.05437442624839825,0.8060095897195069,0.8060095897195069,True,False,A,A
GRPO_LA5_I5 − GRPO_LA0_I10 (K=5 endpoint vs K=0 endpoint),MICI,96,-0.49738931824989213,-1.3391808346902563,-0.5698881041669565,-0.4202065657707493,3.088045361816916e-16,2.7792408256352244e-15,-0.40309443084119395,-1.2275305465745243,-0.46747234717608155,-0.3348353774027727,6.550675103097024e-15,5.895607592787322e-14,True,True,A,A
GRPO_LA5_I5 − GRPO_LA0_I8 (K=0 best by primary Q1Q2),Q1Q2,96,-0.04074754901960792,-0.06527489843372052,-0.16257352941176473,0.08241727941176466,0.3458975131480937,1.0,0.18051470588235294,0.28676668700495755,0.05434742647058816,0.3084114583333332,0.017883994844799595,0.08941997422399797,False,True,B,A
GRPO_LA5_I5 − GRPO_LA0_I8 (K=0 best by primary Q1Q2),Q1,96,0.05208333333333337,0.07195068705700412,-0.08958333333333333,0.19791666666666674,0.5325790376480866,1.0,0.4854166666666666,0.6040961605579458,0.32291666666666663,0.6458333333333334,4.954908628895777e-07,3.963926903116621e-06,True,True,A,A
GRPO_LA5_I5 − GRPO_LA0_I8 (K=0 best by primary Q1Q2),Q2,96,-0.13357843137254907,-0.22414208778412015,-0.24572610294117653,-0.017141544117647137,0.001884325567209902,0.013190278970469314,-0.12438725490196079,-0.21520915879854569,-0.2346966911764706,-0.006740196078431403,0.012404307351925126,0.07442584411155076,True,True,B,B
GRPO_LA5_I5 − GRPO_LA0_I8 (K=0 best by primary Q1Q2),WAI-SR,96,0.0894097222222222,0.15211023656652284,-0.026931423611111133,0.21006944444444442,0.27743157932979146,1.0,-0.08506944444444442,-0.14199653340327517,-0.19707031249999996,0.03993055555555552,0.042741994147283933,0.17096797658913573,False,False,A,B
GRPO_LA5_I5 − GRPO_LA0_I8 (K=0 best by primary Q1Q2),CSQ-8,96,0.15885416666666666,0.23530730106856718,0.022135416666666668,0.29300130208333314,0.01213256577242247,0.07279539463453481,0.0546875,0.08271666379915571,-0.06901041666666667,0.18619791666666666,0.7512150468039058,0.8531063524751232,True,False,A,A
GRPO_LA5_I5 − GRPO_LA0_I8 (K=0 best by primary Q1Q2),MI-SAT,96,0.11805555555555562,0.12914602204410744,-0.06775173611111104,0.3038628472222221,0.07731621922099334,0.3865810961049667,0.18055555555555555,0.29475024279499007,0.05902777777777779,0.30034722222222227,0.003946123966997767,0.027622867768984368,True,True,A,A
GRPO_LA5_I5 − GRPO_LA0_I8 (K=0 best by primary Q1Q2),MITI,96,-0.22395833333333334,-0.4006464185654253,-0.328125,-0.10677083333333333,3.8643360167030364e-05,0.0003091468813362429,-0.033854166666666664,-0.09124561414953067,-0.10677083333333333,0.036458333333333336,0.4119309076508094,0.8531063524751232,True,False,B,B
GRPO_LA5_I5 − GRPO_LA0_I8 (K=0 best by primary Q1Q2),PCT,96,0.006540528114448726,0.028754047842975493,-0.04106502871320489,0.051073545931747816,0.5297748409059815,1.0,0.026271883565565844,0.12227317943224458,-0.016478786887159324,0.06974773475743987,0.2843687841583744,0.8531063524751232,True,False,A,A
GRPO_LA5_I5 − GRPO_LA0_I8 (K=0 best by primary Q1Q2),MICI,96,-0.1949727478073214,-0.6181671328775943,-0.2546844954412445,-0.13028306629473194,1.6638303356142188e-07,1.497447302052797e-06,-0.2516840265801263,-0.6186500927573403,-0.33185796457481276,-0.16920342516785464,1.3948643305523898e-07,1.2553778974971508e-06,True,True,A,A
GRPO_LA5_I5 − GRPO_LA0_I3 (K=0 best by held-out Q1Q2),Q1Q2,96,0.04810049019607845,0.1020878570718608,-0.04628370098039216,0.1429672181372549,0.06270948654605146,0.25083794618420585,0.16109068627450981,0.30979655423808977,0.05706954656862747,0.26343596813725484,0.006700593510689605,0.040203561064137625,True,True,A,A
GRPO_LA5_I5 − GRPO_LA0_I3 (K=0 best by held-out Q1Q2),Q1,96,0.05208333333333335,0.09906418217362763,-0.05416666666666666,0.16041666666666668,0.2846799286195011,0.290146082046529,0.23333333333333328,0.3432727319337598,0.09583333333333331,0.3708333333333333,0.002912818048648413,0.020389726340538893,True,True,A,A
GRPO_LA5_I5 − GRPO_LA0_I3 (K=0 best by held-out Q1Q2),Q2,96,0.044117647058823505,0.09504055929312756,-0.04718137254901968,0.13359374999999987,0.09671536068217633,0.290146082046529,0.08884803921568633,0.1701053469138444,-0.016544117647058765,0.19424019607843146,0.1959450443075197,0.7415935134325014,True,False,A,A
GRPO_LA5_I5 − GRPO_LA0_I3 (K=0 best by held-out Q1Q2),WAI-SR,96,0.16232638888888887,0.34590065099795025,0.07202690972222221,0.26128472222222215,0.002822898538904414,0.022583188311235312,-0.04774305555555555,-0.09663027433973559,-0.14322916666666666,0.05121527777777777,0.18539837835812534,0.7415935134325014,False,False,A,B
GRPO_LA5_I5 − GRPO_LA0_I3 (K=0 best by held-out Q1Q2),CSQ-8,96,0.09635416666666667,0.19341211115659174,-0.0026041666666666665,0.20182291666666666,0.039194337065585186,0.23516602239351111,0.036458333333333336,0.0646122134428663,-0.07425130208333333,0.14453125,0.6401017643639391,0.7415935134325014,True,False,A,A
GRPO_LA5_I5 − GRPO_LA0_I3 (K=0 best by held-out Q1Q2),MI-SAT,96,0.13368055555555555,0.20959471711457528,0.01041666666666663,0.26736111111111105,0.04649278509018577,0.23516602239351111,0.11631944444444446,0.22207951309568832,0.015581597222222247,0.2256944444444445,0.04368957623078205,0.21844788115391023,True,True,A,A
GRPO_LA5_I5 − GRPO_LA0_I3 (K=0 best by held-out Q1Q2),MITI,96,0.07291666666666667,0.15155843409460143,-0.0234375,0.17447916666666666,0.13923803298652504,0.290146082046529,-0.19791666666666666,-0.4412266671947406,-0.2864583333333333,-0.109375,5.587800954515803e-05,0.00044702407636126423,False,True,A,B
GRPO_LA5_I5 − GRPO_LA0_I3 (K=0 best by held-out Q1Q2),PCT,96,0.03457066654744253,0.20334367092423888,0.0014315007292617283,0.06925416167812148,0.015025363968610926,0.10517754778027648,0.021681635449155478,0.12906861529862393,-0.009728338840254558,0.05789843768032864,0.31521800196386085,0.7415935134325014,True,False,A,A
GRPO_LA5_I5 − GRPO_LA0_I3 (K=0 best by held-out Q1Q2),MICI,96,0.10989573308547096,0.40165087292691876,0.05759975338784998,0.16626495023497084,0.00017802145431817406,0.0016021930888635665,0.2392034145326669,0.7629254531435382,0.17737503192244033,0.30159816743419643,5.334966088981375e-10,4.801469480083237e-09,True,True,B,B
