method,iteration,metric,contrast,primary_n,primary_delta,primary_dz,primary_ci_lo,primary_ci_hi,primary_p,primary_p_holm,judge_delta,judge_dz,judge_ci_lo,judge_ci_hi,judge_p,judge_p_holm,same_sign,judge_ci_excl0,favours_primary,favours_judge
GRPO,0,Q1Q2,GRPO_LA0_Base − GRPO_LA5_Base,96,0.10361519607843139,0.11480487619330243,-0.07568014705882344,0.28505821078431376,0.4035347906645512,1.0,0.02647058823529413,0.042676550713212816,-0.0983501838235294,0.14550091911764687,0.848964240131046,1.0,True,False,K0,K0
GRPO,1,Q1Q2,GRPO_LA0_I1 − GRPO_LA5_I1,96,-0.0025122549019607984,-0.0028036128767903725,-0.17924938725490194,0.17654105392156855,0.8773177929162426,1.0,0.02769607843137256,0.0417831338825315,-0.11238664215686275,0.16311887254901958,0.6470313878292033,1.0,False,False,K5,K0
GRPO,2,Q1Q2,GRPO_LA0_I2 − GRPO_LA5_I2,96,-0.07573529411764708,-0.07605871532356946,-0.2734405637254902,0.11926317401960772,0.4840868482033489,1.0,-0.03492647058823529,-0.04768098718111185,-0.176922487745098,0.10626072303921563,0.5884159493222747,1.0,True,False,K5,K5
GRPO,3,Q1Q2,GRPO_LA0_I3 − GRPO_LA5_I3,96,0.1316789215686274,0.28097058816314013,0.03994791666666662,0.22470741421568616,0.013930033497494762,0.06965016748747381,0.05067401960784316,0.10777213276151798,-0.04258578431372544,0.14393382352941173,0.3449142497560568,1.0,True,False,K0,K0
GRPO,4,Q1Q2,GRPO_LA0_I4 − GRPO_LA5_I4,96,-0.11544117647058817,-0.24800864666276698,-0.20833486519607833,-0.020701593137254868,0.007364025307814908,0.044184151846889445,-0.23308823529411768,-0.37369185672276384,-0.35552083333333334,-0.10930300245098044,0.0009945916546488616,0.005967549927893169,True,True,K5,K5
GRPO,5,Q1Q2,GRPO_LA0_I5 − GRPO_LA5_I5,96,-0.06979166666666664,-0.1346954978083373,-0.1769653799019608,0.03617647058823523,0.12179673723969116,0.48718694895876463,-0.3110906862745098,-0.42905279981954053,-0.4547794117647059,-0.1675398284313728,0.001079858264385145,0.005967549927893169,True,True,K5,K5
GRPO,0,Q1,GRPO_LA0_Base − GRPO_LA5_Base,96,0.1104166666666667,0.11961595886997403,-0.07083333333333332,0.2979166666666667,0.3453967780760233,1.0,0.012500000000000011,0.017751633038494894,-0.12921875,0.15213541666666638,0.8440377970861012,1.0,True,False,K0,K0
GRPO,1,Q1,GRPO_LA0_I1 − GRPO_LA5_I1,96,0.004166666666666661,0.004355068168352614,-0.19374999999999998,0.19588541666666642,0.8947438770438549,1.0,0.08541666666666665,0.10757033503924636,-0.08124999999999998,0.24583333333333332,0.2928841438578086,1.0,True,False,K0,K0
GRPO,2,Q1,GRPO_LA0_I2 − GRPO_LA5_I2,96,-0.05833333333333337,-0.05545614701138159,-0.26249999999999996,0.1479166666666666,0.35581054068262663,1.0,-1.850371707708594e-17,-2.0275783382928902e-17,-0.17713541666666668,0.17713541666666638,0.9178732078785006,1.0,True,False,K5,K5
GRPO,3,Q1,GRPO_LA0_I3 − GRPO_LA5_I3,96,0.12916666666666665,0.23492684092484334,0.02078124999999997,0.23958333333333334,0.02490159297205208,0.1245079648602604,0.05416666666666666,0.08006772139702174,-0.07916666666666665,0.19166666666666665,0.29996259074607656,1.0,True,False,K0,K0
GRPO,4,Q1,GRPO_LA0_I4 − GRPO_LA5_I4,96,-0.2020833333333333,-0.35937291909176394,-0.31458333333333327,-0.0895833333333333,0.0016328540882851721,0.009797124529711033,-0.36874999999999997,-0.4508674346563233,-0.5271354166666666,-0.2041666666666667,4.0779561087935564e-05,0.00020389780543967782,True,True,K5,K5
GRPO,5,Q1,GRPO_LA0_I5 − GRPO_LA5_I5,96,-0.11875000000000002,-0.21003895038785372,-0.2395833333333334,-0.004114583333333586,0.04095511570231295,0.1638204628092518,-0.45,-0.49893131132065577,-0.6291666666666665,-0.26666666666666666,1.8270666437513163e-05,0.00010962399862507897,True,True,K5,K5
GRPO,0,Q2,GRPO_LA0_Base − GRPO_LA5_Base,96,0.09681372549019607,0.10318763880276785,-0.09197303921568627,0.2861672794117646,0.5036197732561128,1.0,0.040441176470588196,0.06542974473634908,-0.08273590686274515,0.1612132352941173,0.5977187189853694,1.0,True,False,K0,K0
GRPO,1,Q2,GRPO_LA0_I1 − GRPO_LA5_I1,96,-0.009191176470588218,-0.01017312876577734,-0.1918045343137255,0.17343749999999986,0.9193762685085668,1.0,-0.030024509803921545,-0.046849969946645816,-0.16305147058823527,0.10049019607843142,0.7068690225639023,1.0,True,False,K5,K5
GRPO,2,Q2,GRPO_LA0_I2 − GRPO_LA5_I2,96,-0.09313725490196083,-0.09378453120644002,-0.29168198529411765,0.100551470588235,0.4592100412079235,1.0,-0.0698529411764706,-0.10085379125805456,-0.20405943627450984,0.06128982843137241,0.2667101061518331,0.8501551900009181,True,False,K5,K5
GRPO,3,Q2,GRPO_LA0_I3 − GRPO_LA5_I3,96,0.13419117647058817,0.27794882592175685,0.04044117647058821,0.22916666666666663,0.02532630916557982,0.1519578549934789,0.04718137254901961,0.11647221888114913,-0.03125000000000002,0.1268535539215686,0.21253879750022953,0.8501551900009181,True,False,K0,K0
GRPO,4,Q2,GRPO_LA0_I4 − GRPO_LA5_I4,96,-0.02879901960784309,-0.06877583224838854,-0.11153492647058813,0.05393688725490194,0.487717016017001,1.0,-0.0974264705882353,-0.17428208623072694,-0.2089460784313726,0.017156862745098013,0.09670519174644981,0.4835259587322491,True,False,K5,K5
GRPO,5,Q2,GRPO_LA0_I5 − GRPO_LA5_I5,96,-0.020833333333333287,-0.03935451563837282,-0.12440257352941173,0.08887867647058814,0.35872816827002707,1.0,-0.17218137254901955,-0.25686272840020397,-0.3082261029411764,-0.037974877450980424,0.06086612268784277,0.3651967361270566,True,True,K5,K5
GRPO,0,WAI-SR,GRPO_LA0_Base − GRPO_LA5_Base,96,0.0329861111111111,0.05093699476111698,-0.09290364583333335,0.1614583333333333,0.7864033431451183,1.0,0.057291666666666664,0.09744668467213832,-0.056423611111111084,0.175368923611111,0.5202209864845087,1.0,True,False,K0,K0
GRPO,1,WAI-SR,GRPO_LA0_I1 − GRPO_LA5_I1,96,0.012152777777777776,0.01776210186928569,-0.12068142361111106,0.14845920138888874,0.9354974548650765,1.0,0.06857638888888888,0.1079759969839626,-0.054709201388888906,0.19184027777777776,0.3659195283064366,1.0,True,False,K0,K0
GRPO,2,WAI-SR,GRPO_LA0_I2 − GRPO_LA5_I2,96,-0.03993055555555558,-0.04649012103995734,-0.20572916666666666,0.12586805555555555,0.4397202544521426,1.0,0.007812500000000012,0.009557763258448024,-0.14759114583333333,0.16753472222222218,0.6604321233647144,1.0,False,False,K5,K0
GRPO,3,WAI-SR,GRPO_LA0_I3 − GRPO_LA5_I3,96,-0.019097222222222255,-0.03951669828283403,-0.1137369791666667,0.0755208333333333,0.7675515299964133,1.0,0.08593750000000001,0.17771537732086268,-0.009570312499999995,0.17968750000000003,0.07290097874045567,0.43740587244273404,False,False,K5,K0
GRPO,4,WAI-SR,GRPO_LA0_I4 − GRPO_LA5_I4,96,-0.14930555555555555,-0.28842483878122493,-0.2500217013888889,-0.04769965277777801,0.017969595908905844,0.08984797954452922,-0.07204861111111112,-0.13041512482355275,-0.1753472222222222,0.037369791666666444,0.2037330268577333,0.8149321074309333,True,False,K5,K5
GRPO,5,WAI-SR,GRPO_LA0_I5 − GRPO_LA5_I5,96,-0.2552083333333333,-0.4458822078713585,-0.3776258680555556,-0.14409722222222224,7.22221186057721e-05,0.00043333271163463255,-0.109375,-0.19448516829426166,-0.21961805555555555,0.0017361111111111212,0.13764823548601435,0.6882411774300717,True,False,K5,K5
GRPO,0,CSQ-8,GRPO_LA0_Base − GRPO_LA5_Base,96,0.006510416666666667,0.011166516069385743,-0.10680338541666666,0.12373046874999982,0.6812379412129203,1.0,-0.00390625,-0.006975047238850942,-0.12242838541666666,0.10813802083333299,0.9047334749864148,1.0,False,False,K0,K5
GRPO,1,CSQ-8,GRPO_LA0_I1 − GRPO_LA5_I1,96,0.08072916666666667,0.11539017604761453,-0.06383463541666666,0.21484375,0.2997257565355598,1.0,-0.013020833333333334,-0.018527461370733436,-0.15104166666666666,0.12503255208333316,0.9904344873112324,1.0,False,False,K0,K5
GRPO,2,CSQ-8,GRPO_LA0_I2 − GRPO_LA5_I2,96,-0.06770833333333333,-0.08571459732703775,-0.22399088541666667,0.08466796874999982,0.3692203573222558,1.0,-0.024739583333333332,-0.02805101061883134,-0.19921875,0.14192708333333334,0.9113005139971211,1.0,True,False,K5,K5
GRPO,3,CSQ-8,GRPO_LA0_I3 − GRPO_LA5_I3,96,-0.01953125,-0.0406636354316591,-0.1171875,0.07682291666666667,0.9822690277455621,1.0,0.018229166666666668,0.029309188460889295,-0.09638671875,0.1380533854166665,0.6922616431680846,1.0,False,False,K5,K0
GRPO,4,CSQ-8,GRPO_LA0_I4 − GRPO_LA5_I4,96,-0.16927083333333334,-0.3045726807099146,-0.2747721354166667,-0.05595703125000018,0.001614124768467691,0.008070623842338455,-0.24348958333333334,-0.3687641080802266,-0.3658854166666667,-0.11845703125000018,0.00043852474643703846,0.0026311484786222306,True,True,K5,K5
GRPO,5,CSQ-8,GRPO_LA0_I5 − GRPO_LA5_I5,96,-0.19270833333333334,-0.3614942227094556,-0.3033854166666667,-0.08203125,0.0007367198254060477,0.004420318952436286,-0.13671875,-0.2236458130543389,-0.2552083333333333,-0.012988281250000178,0.027625596795288573,0.13812798397644288,True,True,K5,K5
GRPO,0,MI-SAT,GRPO_LA0_Base − GRPO_LA5_Base,96,0.04166666666666665,0.052971708395700874,-0.11111111111111105,0.19791666666666666,0.5532593484754145,1.0,0.08159722222222222,0.12263854348556671,-0.05212673611111111,0.2135850694444442,0.22002098283200167,0.8800839313280067,True,False,K0,K0
GRPO,1,MI-SAT,GRPO_LA0_I1 − GRPO_LA5_I1,96,0.039930555555555525,0.044501708710688904,-0.1337239583333334,0.21701388888888884,0.6012085486430814,1.0,0.006944444444444434,0.010383135012248093,-0.1302083333333333,0.140625,0.9824870719482172,1.0,True,False,K0,K0
GRPO,2,MI-SAT,GRPO_LA0_I2 − GRPO_LA5_I2,96,-0.09027777777777778,-0.08647004192780444,-0.3020833333333333,0.11111111111111112,0.11033628340588379,0.44134513362353517,-0.02604166666666666,-0.03313350724819782,-0.18749999999999992,0.13025173611111088,0.6879295719198937,1.0,True,False,K5,K5
GRPO,3,MI-SAT,GRPO_LA0_I3 − GRPO_LA5_I3,96,-0.06423611111111106,-0.0900896755984322,-0.2118055555555555,0.07986111111111115,0.6249435659338091,1.0,-0.05555555555555555,-0.11200992333972729,-0.15451388888888887,0.04340277777777777,0.2790263692120273,0.8800839313280067,True,False,K5,K5
GRPO,4,MI-SAT,GRPO_LA0_I4 − GRPO_LA5_I4,96,-0.21180555555555555,-0.2958452519397987,-0.3541666666666667,-0.06770833333333333,0.004823033368039229,0.024115166840196146,-0.2552083333333333,-0.4650600752188053,-0.3611111111111111,-0.14583333333333337,1.582559932879485e-05,9.49535959727691e-05,True,True,K5,K5
GRPO,5,MI-SAT,GRPO_LA0_I5 − GRPO_LA5_I5,96,-0.2378472222222222,-0.34499995735522127,-0.38546006944444444,-0.0989583333333333,0.00314376573289194,0.01886259439735164,-0.22916666666666666,-0.40216587755077676,-0.3403211805555556,-0.11458333333333337,0.0003854269034415117,0.0019271345172075585,True,True,K5,K5
GRPO,0,MITI,GRPO_LA0_Base − GRPO_LA5_Base,96,0.10416666666666667,0.12795697317589644,-0.057291666666666664,0.2682291666666667,0.37872076323288184,1.0,0.057291666666666664,0.1141399001343057,-0.03912760416666666,0.15885416666666666,0.2967782603700684,1.0,True,False,K0,K0
GRPO,1,MITI,GRPO_LA0_I1 − GRPO_LA5_I1,96,-0.015625,-0.01650870707673533,-0.19798177083333332,0.16927083333333334,0.72794558945305,1.0,-0.033854166666666664,-0.061860569420618516,-0.14583333333333334,0.078125,0.6140273644873055,1.0,True,False,K5,K5
GRPO,2,MITI,GRPO_LA0_I2 − GRPO_LA5_I2,96,-0.041666666666666664,-0.04195284853172538,-0.23704427083333332,0.15891927083333296,0.7046920715552443,1.0,-0.028645833333333332,-0.047205243768417886,-0.1484375,0.09635416666666667,0.6415338489975131,1.0,True,False,K5,K5
GRPO,3,MITI,GRPO_LA0_I3 − GRPO_LA5_I3,96,0.07291666666666667,0.16698383660340657,-0.018229166666666668,0.15625,0.11580519343837445,0.6948311606302466,0.1328125,0.2913276037003906,0.049479166666666664,0.22395833333333334,0.0044210862203032586,0.02652651732181955,True,True,K0,K0
GRPO,4,MITI,GRPO_LA0_I4 − GRPO_LA5_I4,96,-0.044270833333333336,-0.10663443664566226,-0.125,0.036458333333333336,0.2744758407221797,1.0,0.0026041666666666665,0.006190458813774083,-0.07552083333333333,0.08600260416666632,0.9972872339349826,1.0,False,False,K5,K0
GRPO,5,MITI,GRPO_LA0_I5 − GRPO_LA5_I5,96,-0.0703125,-0.14623441532040124,-0.16927083333333334,0.028645833333333332,0.16440599243109266,0.8220299621554633,-0.09895833333333333,-0.21207403807336472,-0.19016927083333332,-0.0026041666666666665,0.04278341859585862,0.21391709297929312,True,True,K5,K5
GRPO,0,PCT,GRPO_LA0_Base − GRPO_LA5_Base,96,0.016421943202865094,0.07141605396288182,-0.028528648695167788,0.062367440676279966,0.3209295212958708,0.9573744584654621,0.019184836697950423,0.08797454454846312,-0.024854925808225112,0.06342037898821959,0.40305585711431235,1.0,True,False,K0,K0
GRPO,1,PCT,GRPO_LA0_I1 − GRPO_LA5_I1,96,0.0037398527000088414,0.01787688324422572,-0.036652878383885035,0.04646688263379922,0.735249483670841,0.9573744584654621,0.017050498874779146,0.08161255945400382,-0.021874694483754255,0.05892801208715247,0.79746771968048,1.0,True,False,K0,K0
GRPO,2,PCT,GRPO_LA0_I2 − GRPO_LA5_I2,96,-0.0116310844602737,-0.04835535427360004,-0.059942315670999016,0.035998754475552217,0.31912481948848737,0.9573744584654621,-0.00774697223300249,-0.03443679587148055,-0.052436976976952814,0.038430170001300126,0.4655113624543473,1.0,True,False,K5,K5
GRPO,3,PCT,GRPO_LA0_I3 − GRPO_LA5_I3,96,-0.035879670014374386,-0.20071128210407635,-0.07148400386258096,-0.0007947252137540225,0.01764274358856231,0.07057097435424924,-0.021991864299669858,-0.12369975979158968,-0.05850373468290794,0.013038662116636715,0.24675525513125174,0.987021020525007,True,False,K5,K5
GRPO,4,PCT,GRPO_LA0_I4 − GRPO_LA5_I4,96,-0.06198632222943621,-0.321200033449908,-0.10098148801455732,-0.024699391151031785,0.002230042228047965,0.013380253368287789,-0.06519875017464699,-0.3665120992061885,-0.09888169861810824,-0.030344252623167544,0.00037233677983515464,0.002234020679010928,True,True,K5,K5
GRPO,5,PCT,GRPO_LA0_I5 − GRPO_LA5_I5,96,-0.05593113725369917,-0.3093732097154723,-0.09390778998872071,-0.019493301347077004,0.0033783495791212675,0.016891747895606338,-0.06744086563770194,-0.3729990632089324,-0.10535669094036089,-0.03117107506795249,0.0005574574664504758,0.002787287332252379,True,True,K5,K5
GRPO,0,MICI,GRPO_LA0_Base − GRPO_LA5_Base,96,0.0023041990311622085,0.00727129241829498,-0.05523267485101965,0.06861942581369984,0.778333379130508,1.0,0.057313706772436905,0.14710484113392083,-0.015989436168399367,0.1333091807286561,0.14135416750208463,0.44103826913757865,True,False,K5,K5
GRPO,1,MICI,GRPO_LA0_I1 − GRPO_LA5_I1,96,-0.00043840227130583696,-0.0014407693063622805,-0.06327808101936122,0.059405286845520204,0.8257136946275876,1.0,0.01152773327168013,0.0280419628809865,-0.07078719231770356,0.09061468998892275,0.42644484525993387,0.8528896905198677,False,False,K0,K5
GRPO,2,MICI,GRPO_LA0_I2 − GRPO_LA5_I2,96,-0.05833417904490728,-0.22249380249380488,-0.11002296904469425,-0.00718063716871235,0.07663424460123142,0.22990273380369425,-0.06109661041034292,-0.15529244015145643,-0.1386885405466544,0.014660348725808217,0.11025956728439466,0.44103826913757865,True,False,K0,K0
GRPO,3,MICI,GRPO_LA0_I3 − GRPO_LA5_I3,96,-0.07743919387463692,-0.31939157951725244,-0.1261975739730319,-0.028878425386959106,0.0014578713268923124,0.008747227961353875,-0.11060569293873741,-0.3542902838037176,-0.17172253010502608,-0.05113825891169537,0.00037417700397368684,0.002245062023842121,True,True,K0,K0
GRPO,4,MICI,GRPO_LA0_I4 − GRPO_LA5_I4,96,-0.05427677490709612,-0.24536413498386483,-0.09901428245414073,-0.010974298644359655,0.018259069863518718,0.09129534931759359,-0.05428777790765019,-0.17357978073213898,-0.1157337710561032,0.007546818202294121,0.04590401780615968,0.2295200890307984,True,False,K0,K0
GRPO,5,MICI,GRPO_LA0_I5 − GRPO_LA5_I5,96,-0.06298907055220994,-0.2429304993301655,-0.11673686140684822,-0.012561273117903764,0.043888484640511365,0.17555393856204546,-0.017977207075272925,-0.052997955799543285,-0.08492444521620511,0.05044167531478211,0.6360645782349432,0.8528896905198677,True,False,K0,K0
PTO,0,Q1Q2,PTO_LA0_Base − PTO_LA5_Base,96,-0.0028799019607843542,-0.0027523085461844663,-0.20014093137254907,0.20382506127450958,0.9652731248279893,1.0,-0.003982843137254916,-0.005725458039515019,-0.1380821078431373,0.13672487745098022,0.9700060242656776,0.9700060242656776,True,False,K5,K5
PTO,1,Q1Q2,PTO_LA0_I1 − PTO_LA5_I1,96,0.08278186274509802,0.09312357425878956,-0.09437959558823525,0.2578477328431372,0.34801212031071116,1.0,0.0600490196078431,0.08986338539518078,-0.06783854166666667,0.1970235906862744,0.36788079911236693,0.7357615982247339,True,False,K0,K0
PTO,2,Q1Q2,PTO_LA0_I2 − PTO_LA5_I2,96,0.1582720588235295,0.18299573147378675,-0.010332414215686153,0.3269270833333329,0.06187746549109181,0.6187746549109181,0.13609068627450985,0.19711704544167283,0.0002941176470588419,0.2695113357843137,0.049575240983465566,0.2763931642142965,True,True,K0,K0
PTO,3,Q1Q2,PTO_LA0_I3 − PTO_LA5_I3,96,0.1406862745098039,0.20225705845035605,0.00579350490196072,0.2804136029411763,0.16475111799075615,1.0,0.13026960784313726,0.19949795484356975,0.0008471200980392021,0.2565563725490196,0.04606552736904941,0.2763931642142965,True,True,K0,K0
PTO,4,Q1Q2,PTO_LA0_I4 − PTO_LA5_I4,96,0.11960784313725491,0.20072981306197937,0.009226409313725484,0.23984374999999994,0.28137692050063545,1.0,0.12310049019607842,0.21444441177914883,0.015497855392156864,0.23483302696078412,0.18561743218905968,0.5857700658639764,True,True,K0,K0
PTO,5,Q1Q2,PTO_LA0_I5 − PTO_LA5_I5,96,-0.0020833333333333073,-0.004299810144596841,-0.09455882352941176,0.09657015931372552,0.9611750085424187,1.0,0.17316176470588238,0.33011578852891504,0.07119178921568628,0.2784957107843137,0.0023766618913554035,0.021389957022198633,False,True,K5,K0
PTO,6,Q1Q2,PTO_LA0_I6 − PTO_LA5_I6,96,0.25680147058823527,0.4166114232272185,0.14093137254901958,0.3878507965686271,5.599129426814168e-05,0.0006159042369495585,0.3428308823529412,0.5106517551078329,0.21003063725490195,0.48034160539215676,9.019916271104345e-06,9.92190789821478e-05,True,True,K0,K0
PTO,7,Q1Q2,PTO_LA0_I7 − PTO_LA5_I7,96,0.04362745098039217,0.07238152908473496,-0.07910845588235298,0.1596200980392157,0.7095127127857475,1.0,0.07794117647058826,0.12182517154368538,-0.052314644607843054,0.2070526960784314,0.1464425164659941,0.5857700658639764,True,False,K0,K0
PTO,8,Q1Q2,PTO_LA0_I8 − PTO_LA5_I8,96,0.07677696078431374,0.16562575709306843,-0.017464767156862737,0.1714460784313725,0.06953132637984479,0.6257819374186031,0.18578431372549023,0.3366397359170162,0.07321078431372555,0.2934160539215685,0.0004708952500568808,0.0047089525005688075,True,True,K0,K0
PTO,9,Q1Q2,PTO_LA0_I9 − PTO_LA5_I9,96,0.041237745098039236,0.07694419733473701,-0.06219669117647061,0.15251838235294113,0.8469587971738647,1.0,0.1874387254901961,0.28870352810447225,0.05739430147058821,0.3203538602941176,0.011624958575557504,0.09299966860446003,True,True,K0,K0
PTO,10,Q1Q2,PTO_LA0_I10 − PTO_LA5_I10,96,-0.04699754901960781,-0.09566621301885612,-0.14235600490196068,0.05424479166666657,0.08690946083826036,0.6952756867060829,0.1990808823529412,0.30781875524334984,0.06844209558823532,0.33157322303921566,0.032362563631031745,0.22653794541722222,False,True,K5,K0
PTO,0,Q1,PTO_LA0_Base − PTO_LA5_Base,96,-0.022916666666666693,-0.021737155509731654,-0.23124999999999998,0.19166666666666665,0.5180523277537671,1.0,-0.010416666666666649,-0.012397318689062228,-0.17499999999999996,0.15625000000000003,0.885330527250729,1.0,True,False,K5,K5
PTO,1,Q1,PTO_LA0_I1 − PTO_LA5_I1,96,0.06874999999999996,0.07603583804082185,-0.10838541666666672,0.24583333333333332,0.5270487471922681,1.0,0.05208333333333335,0.06368518176180539,-0.10625,0.21666666666666665,0.5174433017089224,1.0,True,False,K0,K0
PTO,2,Q1,PTO_LA0_I2 − PTO_LA5_I2,96,0.14375000000000002,0.1551271406018505,-0.04380208333333331,0.325,0.08170182684037146,0.8170182684037146,0.17291666666666664,0.2017163655985152,0.00416666666666667,0.3395833333333333,0.05020957434725652,0.5020957434725652,True,True,K0,K0
PTO,3,Q1,PTO_LA0_I3 − PTO_LA5_I3,96,0.10000000000000002,0.13224581031028718,-0.04796874999999999,0.25,0.273362858942782,1.0,0.14166666666666664,0.16318986618959994,-0.03124999999999999,0.3104166666666666,0.11952958415163693,0.9562366732130955,True,False,K0,K0
PTO,4,Q1,PTO_LA0_I4 − PTO_LA5_I4,96,0.06458333333333333,0.10100548957266688,-0.05416666666666666,0.1896354166666664,0.6247220013456081,1.0,0.11874999999999998,0.15994463734969067,-0.02291666666666668,0.2625520833333331,0.19155655315984166,1.0,True,False,K0,K0
PTO,5,Q1,PTO_LA0_I5 − PTO_LA5_I5,96,-0.056250000000000015,-0.10675243849216075,-0.15421875000000002,0.04583333333333334,0.4149437164552562,1.0,0.11041666666666665,0.16624162036703674,-0.018750000000000006,0.24791666666666665,0.09295331118462719,0.8365798006616447,False,False,K5,K0
PTO,6,Q1,PTO_LA0_I6 − PTO_LA5_I6,96,0.1729166666666666,0.2709577836977036,0.05203124999999993,0.31249999999999994,0.03801613138465255,0.418177445231178,0.31250000000000006,0.3788886068520947,0.14583333333333334,0.4791666666666667,0.0005669936628485905,0.0062369302913344955,True,True,K0,K0
PTO,7,Q1,PTO_LA0_I7 − PTO_LA5_I7,96,-0.050000000000000024,-0.06742643884587447,-0.20005208333333344,0.09166666666666662,0.444679127769961,1.0,-0.04999999999999998,-0.060540263104731554,-0.21875,0.10833333333333332,0.8088208019919712,1.0,True,False,K5,K5
PTO,8,Q1,PTO_LA0_I8 − PTO_LA5_I8,96,0.008333333333333337,0.01499173315488764,-0.1041666666666667,0.11880208333333306,0.7342000710488102,1.0,0.06458333333333333,0.10018344896773138,-0.06671875000000001,0.1854687499999997,0.23604287119200873,1.0,True,False,K0,K0
PTO,9,Q1,PTO_LA0_I9 − PTO_LA5_I9,96,-0.012500000000000002,-0.020516339240023093,-0.1313020833333334,0.11458333333333336,0.684898231448307,1.0,0.04583333333333334,0.05428628416192628,-0.12499999999999996,0.22291666666666665,0.6928335979880846,1.0,False,False,K5,K0
PTO,10,Q1,PTO_LA0_I10 − PTO_LA5_I10,96,-0.0854166666666667,-0.1387958104599394,-0.2083333333333334,0.04374999999999998,0.09367262609390796,0.8430536348451716,0.03541666666666666,0.041306525594239474,-0.13541666666666666,0.2104166666666667,0.8538891470268303,1.0,False,False,K5,K0
PTO,0,Q2,PTO_LA0_Base − PTO_LA5_Base,96,0.017156862745098037,0.015546389221737561,-0.196078431372549,0.23285845588235282,0.806047467206232,0.9132671131078638,0.0024509803921568354,0.0035790098010058894,-0.1268535539215687,0.13481924019607833,0.95106028151743,0.95106028151743,True,False,K0,K0
PTO,1,Q2,PTO_LA0_I1 − PTO_LA5_I1,96,0.09681372549019611,0.10320899345558199,-0.08765318627450981,0.27879901960784315,0.22372935674072036,0.8949174269628815,0.06801470588235287,0.10649533681578156,-0.05392156862745104,0.19546568627450975,0.337286927661795,0.67457385532359,True,False,K0,K0
PTO,2,Q2,PTO_LA0_I2 − PTO_LA5_I2,96,0.1727941176470588,0.20037201535977509,0.006096813725490181,0.34007352941176466,0.06638472239640236,0.3983083343784142,0.09926470588235294,0.15578795944166784,-0.026378676470588183,0.22797181372549002,0.11606910465749756,0.46427641862999025,True,False,K0,K0
PTO,3,Q2,PTO_LA0_I3 − PTO_LA5_I3,96,0.18137254901960778,0.25904219186542515,0.04900428921568622,0.3229166666666666,0.03856621494020468,0.26996350458143276,0.11887254901960782,0.20925529672990592,0.008578431372549005,0.22734374999999996,0.02485533002722921,0.12427665013614606,True,True,K0,K0
PTO,4,Q2,PTO_LA0_I4 − PTO_LA5_I4,96,0.1746323529411765,0.2916579072809404,0.061259191176470516,0.2971966911764705,0.015614646132308393,0.14053181519077554,0.12745098039215685,0.23321937831947,0.02326899509803919,0.23471200980392143,0.11637235711873566,0.46427641862999025,True,True,K0,K0
PTO,5,Q2,PTO_LA0_I5 − PTO_LA5_I5,96,0.05208333333333337,0.09795575618444709,-0.05269607843137247,0.1617800245098039,0.42002082630390936,0.9132671131078638,0.23590686274509806,0.4268743260920769,0.13295036764705886,0.3474264705882353,0.0002500532849186608,0.0017503729944306256,True,True,K0,K0
PTO,6,Q2,PTO_LA0_I6 − PTO_LA5_I6,96,0.3406862745098039,0.5205085295102837,0.21874999999999997,0.4816636029411761,5.003722134596942e-07,5.504094348056637e-06,0.3731617647058824,0.5779463336054895,0.2462775735294118,0.5030790441176469,6.847478079282385e-07,6.553876360980672e-06,True,True,K0,K0
PTO,7,Q2,PTO_LA0_I7 − PTO_LA5_I7,96,0.1372549019607844,0.2570583250607472,0.03491115196078438,0.24453124999999984,0.021508202770367073,0.17206562216293658,0.20588235294117654,0.3279261741294404,0.07838541666666668,0.332107843137255,0.0007645634641602723,0.004587380784961634,True,True,K0,K0
PTO,8,Q2,PTO_LA0_I8 − PTO_LA5_I8,96,0.14522058823529418,0.3300275983512289,0.061259191176470655,0.2371476715686274,0.002054915151949509,0.02054915151949509,0.30698529411764713,0.5435823468554248,0.1960171568627451,0.4172947303921569,6.553876360980672e-07,6.553876360980672e-06,True,True,K0,K0
PTO,9,Q2,PTO_LA0_I9 − PTO_LA5_I9,96,0.09497549019607854,0.18233954729946833,-0.004917279411764585,0.20281862745098053,0.11106879338713699,0.555343966935685,0.3290441176470588,0.5685099537466153,0.21260723039215695,0.4503676470588236,1.1869644647379847e-06,9.495715717903878e-06,True,True,K0,K0
PTO,10,Q2,PTO_LA0_I10 − PTO_LA5_I10,96,-0.008578431372548878,-0.019791544652842847,-0.0931372549019606,0.079672181372549,0.3044223710359546,0.9132671131078638,0.36274509803921573,0.6532662844103057,0.25121017156862746,0.47797181372549,3.19889810287384e-08,3.518787913161224e-07,False,True,K5,K0
PTO,0,WAI-SR,PTO_LA0_Base − PTO_LA5_Base,96,0.025173611111111095,0.03532247895088531,-0.12065972222222221,0.1736545138888886,0.6040120729085063,1.0,-0.032118055555555546,-0.04564677559405284,-0.17881944444444442,0.10850694444444443,0.7982464765760161,1.0,False,False,K0,K5
PTO,1,WAI-SR,PTO_LA0_I1 − PTO_LA5_I1,96,-0.029513888888888905,-0.04520248184221184,-0.16145833333333331,0.10243055555555547,0.839768615681994,1.0,0.09895833333333336,0.15488109587657214,-0.02256944444444442,0.21877170138888877,0.09964790150503774,1.0,False,False,K5,K0
PTO,2,WAI-SR,PTO_LA0_I2 − PTO_LA5_I2,96,-0.014756944444444428,-0.023880220899863663,-0.13543836805555554,0.10852864583333326,0.8128448632100567,1.0,0.048611111111111126,0.0708970372913168,-0.09116753472222222,0.17623697916666656,0.37975054735666125,1.0,False,False,K5,K0
PTO,3,WAI-SR,PTO_LA0_I3 − PTO_LA5_I3,96,-0.0347222222222222,-0.0493602795823368,-0.1754123263888889,0.10503472222222222,0.4539493921392854,1.0,0.03645833333333333,0.055385935997583534,-0.09809027777777779,0.1675347222222222,0.4911459745219474,1.0,False,False,K5,K0
PTO,4,WAI-SR,PTO_LA0_I4 − PTO_LA5_I4,96,-0.018229166666666692,-0.03346818070998702,-0.11894531250000007,0.07988281249999987,0.5977539851359642,1.0,0.0355902777777778,0.060161756188471756,-0.07641059027777777,0.14845920138888882,0.6341764552431509,1.0,False,False,K5,K0
PTO,5,WAI-SR,PTO_LA0_I5 − PTO_LA5_I5,96,-0.09722222222222222,-0.1913547447772092,-0.19444444444444442,-0.006054687500000073,0.07909303057208791,0.870023336292967,0.02170138888888888,0.03890494366840578,-0.07986111111111113,0.12673611111111108,0.3728671432896693,1.0,False,False,K5,K0
PTO,6,WAI-SR,PTO_LA0_I6 − PTO_LA5_I6,96,0.03645833333333335,0.07302751988401272,-0.06510416666666662,0.13802083333333331,0.4076998385880415,1.0,0.09809027777777779,0.16580301158155838,-0.022569444444444458,0.21618923611111088,0.11510826330925022,1.0,True,False,K0,K0
PTO,7,WAI-SR,PTO_LA0_I7 − PTO_LA5_I7,96,-0.040798611111111084,-0.06602178719374074,-0.16753472222222218,0.07990451388888872,0.4332378983314139,1.0,0.05815972222222219,0.09783658546748641,-0.060763888888888916,0.17276475694444424,0.3468722175511977,1.0,False,False,K5,K0
PTO,8,WAI-SR,PTO_LA0_I8 − PTO_LA5_I8,96,0.0251736111111111,0.053207025967679386,-0.07033420138888893,0.11892361111111109,0.5237953641198606,1.0,0.04166666666666662,0.09442015232547099,-0.04516059027777783,0.12849392361111095,0.32952600921156205,1.0,True,False,K0,K0
PTO,9,WAI-SR,PTO_LA0_I9 − PTO_LA5_I9,96,0.03819444444444443,0.06931364098269738,-0.07204861111111109,0.15017361111111108,0.748906508901928,1.0,0.052951388888888846,0.09387803861720265,-0.05644531250000005,0.16495225694444426,0.3370187669101826,1.0,True,False,K0,K0
PTO,10,WAI-SR,PTO_LA0_I10 − PTO_LA5_I10,96,-0.038194444444444406,-0.07302995387505037,-0.14498697916666664,0.07552083333333337,0.2866300197281798,1.0,0.10416666666666663,0.17366048555206204,-0.013888888888888918,0.22569444444444442,0.11868601208292755,1.0,False,False,K5,K0
PTO,0,CSQ-8,PTO_LA0_Base − PTO_LA5_Base,96,0.045572916666666664,0.06763713824757811,-0.09635416666666667,0.19013671874999982,0.39658074956784084,1.0,-0.057291666666666664,-0.07927101056765573,-0.20055338541666667,0.08597005208333315,0.48804797527768407,1.0,False,False,K0,K5
PTO,1,CSQ-8,PTO_LA0_I1 − PTO_LA5_I1,96,-0.010416666666666666,-0.01502761290262676,-0.13932291666666666,0.12115885416666632,0.9698388852544874,1.0,0.09375,0.13904457426457456,-0.0390625,0.22268880208333316,0.1253931186920237,1.0,False,False,K5,K0
PTO,2,CSQ-8,PTO_LA0_I2 − PTO_LA5_I2,96,0.04296875,0.06443602966274427,-0.08333333333333333,0.17060546874999982,0.4280908566481285,1.0,0.06640625,0.08230533638298632,-0.08727213541666666,0.22005208333333334,0.2821671248412322,1.0,True,False,K0,K0
PTO,3,CSQ-8,PTO_LA0_I3 − PTO_LA5_I3,96,0.057291666666666664,0.09661761748362378,-0.06380208333333333,0.17708333333333334,0.3929597969163511,1.0,0.040364583333333336,0.06243826420552487,-0.0859375,0.1732096354166665,0.36291177962906207,1.0,True,False,K0,K0
PTO,4,CSQ-8,PTO_LA0_I4 − PTO_LA5_I4,96,0.026041666666666668,0.04759975939394558,-0.07815755208333333,0.13284505208333316,0.7116324142660605,1.0,0.01171875,0.019085826412647503,-0.10807291666666667,0.12503255208333316,0.687502604267173,1.0,True,False,K0,K0
PTO,5,CSQ-8,PTO_LA0_I5 − PTO_LA5_I5,96,-0.07291666666666667,-0.14914063207106434,-0.16927083333333334,0.019563802083333155,0.2857595832325105,1.0,-0.045572916666666664,-0.08562721729997343,-0.14583333333333334,0.05859375,0.428230548020483,1.0,True,False,K5,K5
PTO,6,CSQ-8,PTO_LA0_I6 − PTO_LA5_I6,96,0.03515625,0.0645159152851655,-0.0703125,0.15234375,0.8009964587899859,1.0,0.07552083333333333,0.12406291558263895,-0.04430338541666667,0.20185546874999982,0.3629893477471743,1.0,True,False,K0,K0
PTO,7,CSQ-8,PTO_LA0_I7 − PTO_LA5_I7,96,-0.033854166666666664,-0.05190022022368857,-0.16539713541666667,0.09508463541666648,0.6223043561826088,1.0,-0.041666666666666664,-0.06241792511232717,-0.17578125,0.08206380208333315,0.6710556094041945,1.0,True,False,K5,K5
PTO,8,CSQ-8,PTO_LA0_I8 − PTO_LA5_I8,96,0.013020833333333334,0.02404473375626119,-0.09635416666666667,0.12369791666666667,0.7078243919327102,1.0,-0.029947916666666668,-0.06006421788532585,-0.12760416666666666,0.06770833333333333,0.6494659639865138,1.0,False,False,K0,K5
PTO,9,CSQ-8,PTO_LA0_I9 − PTO_LA5_I9,96,0.10546875,0.1836773615525125,-0.0013020833333333333,0.2239908854166665,0.1405679928334473,1.0,0.05859375,0.10231768750512706,-0.057324218749999996,0.1732096354166665,0.42527977727975763,1.0,True,False,K0,K0
PTO,10,CSQ-8,PTO_LA0_I10 − PTO_LA5_I10,96,-0.0078125,-0.01555543750044148,-0.10810546875,0.09375,0.6258656291612832,1.0,0.0013020833333333333,0.0023080821053041525,-0.11328125,0.12763671874999982,0.9964484697235714,1.0,False,False,K5,K0
PTO,0,MI-SAT,PTO_LA0_Base − PTO_LA5_Base,96,-0.0017361111111111004,-0.0021660903656852567,-0.16671006944444444,0.15976562499999974,0.8201609261843378,1.0,-9.25185853854297e-18,-1.2613427790386456e-17,-0.14587673611111113,0.14583333333333334,0.8951306397808336,1.0,True,False,K5,K5
PTO,1,MI-SAT,PTO_LA0_I1 − PTO_LA5_I1,96,-0.03124999999999999,-0.03420491710503191,-0.2101128472222222,0.140625,0.7681109850700899,1.0,0.0347222222222222,0.04848712181575626,-0.10763888888888891,0.1667100694444442,0.6164232550559223,1.0,False,False,K5,K0
PTO,2,MI-SAT,PTO_LA0_I2 − PTO_LA5_I2,96,-0.017361111111111115,-0.0191702317195641,-0.19965277777777782,0.15798611111111108,0.8646187569255063,1.0,0.09548611111111112,0.13458636374812674,-0.04518229166666667,0.2292100694444442,0.17972586527642553,1.0,False,False,K5,K0
PTO,3,MI-SAT,PTO_LA0_I3 − PTO_LA5_I3,96,-0.024305555555555552,-0.029807623632722213,-0.1909722222222222,0.1406684027777775,0.7130489858458877,1.0,-2.312964634635743e-17,-3.4181110367892376e-17,-0.13020833333333334,0.13888888888888887,0.8427680620559429,1.0,True,False,K5,K5
PTO,4,MI-SAT,PTO_LA0_I4 − PTO_LA5_I4,96,0.017361111111111088,0.02407175095199096,-0.11636284722222229,0.1614583333333333,0.7764425516930973,1.0,-0.017361111111111122,-0.029080116311686104,-0.13020833333333331,0.10069444444444442,0.5354245971454668,1.0,False,False,K0,K5
PTO,5,MI-SAT,PTO_LA0_I5 − PTO_LA5_I5,96,-0.12673611111111113,-0.1869638645719095,-0.25872395833333334,0.0017361111111110798,0.16397642403418844,1.0,-0.034722222222222245,-0.0704896131784255,-0.13541666666666666,0.059027777777777735,0.8556865663998808,1.0,True,False,K5,K5
PTO,6,MI-SAT,PTO_LA0_I6 − PTO_LA5_I6,96,0.043402777777777735,0.06673795934288436,-0.07812500000000006,0.18754340277777753,0.5852665865179919,1.0,0.0625,0.11068282503581672,-0.048611111111111105,0.18059895833333311,0.44547934934396893,1.0,True,False,K0,K0
PTO,7,MI-SAT,PTO_LA0_I7 − PTO_LA5_I7,96,-0.07291666666666664,-0.08598157786688693,-0.23958333333333326,0.09895833333333333,0.4085371357573321,1.0,-0.09027777777777779,-0.14700331049139703,-0.21875,0.029513888888888878,0.12005950125491134,1.0,True,False,K5,K5
PTO,8,MI-SAT,PTO_LA0_I8 − PTO_LA5_I8,96,-0.04687500000000001,-0.07265908083142354,-0.17881944444444445,0.07469618055555532,0.5610284608579963,1.0,-0.08506944444444443,-0.1737330651552624,-0.1875,0.008723958333333127,0.20857866995952856,1.0,True,False,K5,K5
PTO,9,MI-SAT,PTO_LA0_I9 − PTO_LA5_I9,96,0.05729166666666672,0.07964528164121037,-0.08159722222222214,0.2100694444444445,0.46339355779083224,1.0,-0.05555555555555556,-0.0955843730915452,-0.16840277777777776,0.05386284722222199,0.39667794608171214,1.0,False,False,K0,K5
PTO,10,MI-SAT,PTO_LA0_I10 − PTO_LA5_I10,96,-0.05729166666666664,-0.0850563519442379,-0.18927951388888886,0.08506944444444449,0.09944464997436775,1.0,-0.11111111111111112,-0.19741924671712985,-0.22569444444444442,0.0017795138888886724,0.01692802610188992,0.1862082871207891,True,False,K5,K5
PTO,0,MITI,PTO_LA0_Base − PTO_LA5_Base,96,-0.015625,-0.017218872308236752,-0.19791666666666666,0.16152343749999964,0.9109275562457743,1.0,-0.013020833333333334,-0.021553410277033887,-0.13020833333333334,0.09641927083333299,0.9080883693775521,1.0,True,False,K5,K5
PTO,1,MITI,PTO_LA0_I1 − PTO_LA5_I1,96,0.12760416666666666,0.15138291591557193,-0.03131510416666666,0.2890625,0.10323848106346034,0.9417012122058616,-0.013020833333333334,-0.02310490133658501,-0.12506510416666666,0.09375,0.8961502839812695,1.0,False,False,K0,K5
PTO,2,MITI,PTO_LA0_I2 − PTO_LA5_I2,96,0.10416666666666667,0.13250757128048374,-0.0546875,0.26308593749999964,0.17746850099399814,1.0,0.12239583333333333,0.23065975586661913,0.02076822916666667,0.22923177083333296,0.022122023383511633,0.0663660701505349,True,True,K0,K0
PTO,3,MITI,PTO_LA0_I3 − PTO_LA5_I3,96,0.10677083333333333,0.14367022453708778,-0.0390625,0.2578125,0.37625943339244106,1.0,0.16145833333333334,0.30717025436800055,0.059895833333333336,0.2708333333333333,0.005059560258428076,0.020238241033712304,True,True,K0,K0
PTO,4,MITI,PTO_LA0_I4 − PTO_LA5_I4,96,0.11979166666666667,0.19597025748539806,0.005208333333333333,0.2421875,0.14283009840149988,1.0,0.16145833333333334,0.3634559585820165,0.06770833333333333,0.2526041666666667,0.0008786205050863469,0.006150343535604428,True,True,K0,K0
PTO,5,MITI,PTO_LA0_I5 − PTO_LA5_I5,96,0.03125,0.05155374593358992,-0.09114583333333333,0.1484375,0.2405692021182424,1.0,0.20572916666666666,0.3789515632459718,0.10416666666666667,0.3203125,0.0002716948605599103,0.0021735588844792823,True,True,K0,K0
PTO,6,MITI,PTO_LA0_I6 − PTO_LA5_I6,96,0.2109375,0.34486623845597536,0.09375,0.3359375,0.0007216157712816184,0.007937773484097802,0.3619791666666667,0.737937171010137,0.265625,0.453125,2.8766504802156394e-09,3.164315528237203e-08,True,True,K0,K0
PTO,7,MITI,PTO_LA0_I7 − PTO_LA5_I7,96,0.052083333333333336,0.0795339006553026,-0.08333333333333333,0.18235677083333296,0.497317549654983,1.0,0.17447916666666666,0.3417326254401783,0.07552083333333333,0.2786458333333333,0.0017002091432515454,0.010201254859509273,True,True,K0,K0
PTO,8,MITI,PTO_LA0_I8 − PTO_LA5_I8,96,0.0625,0.12987647103025524,-0.033854166666666664,0.1563151041666663,0.09417012122058616,0.9417012122058616,0.1640625,0.33449884193898927,0.06770833333333333,0.2630208333333333,0.0038784301323730227,0.019392150661865115,True,True,K0,K0
PTO,9,MITI,PTO_LA0_I9 − PTO_LA5_I9,96,0.08854166666666667,0.14855571452810107,-0.026041666666666668,0.21360677083333296,0.33358176050591026,1.0,0.20833333333333334,0.5387025069617206,0.1328125,0.2864583333333333,3.2989841559221558e-06,3.298984155922156e-05,True,True,K0,K0
PTO,10,MITI,PTO_LA0_I10 − PTO_LA5_I10,96,0.015625,0.026420383797185743,-0.10416666666666667,0.14322916666666666,0.9445827964956923,1.0,0.203125,0.4868214849847903,0.125,0.2864583333333333,9.717025439168501e-06,8.745322895251651e-05,True,True,K0,K0
PTO,0,PCT,PTO_LA0_Base − PTO_LA5_Base,96,0.007368635319013485,0.037965986158153935,-0.03135325408972181,0.044352915617069125,0.8922643965120693,1.0,-0.003287313053674187,-0.017287046729418654,-0.0402415595680259,0.035317068938544936,0.8259308256740822,1.0,False,False,K0,K5
PTO,1,PCT,PTO_LA0_I1 − PTO_LA5_I1,96,-0.027365959646601812,-0.11422101691940711,-0.07196100029069064,0.019217273898815095,0.18214358556466437,1.0,-0.03008293155387734,-0.14350281788499625,-0.07183837985427644,0.011786818351406861,0.23699613711860013,1.0,True,False,K5,K5
PTO,2,PCT,PTO_LA0_I2 − PTO_LA5_I2,96,-0.0034806309747103456,-0.015344943107876539,-0.048190583572866555,0.04114402667601856,0.6376052509636516,1.0,-0.01494358718817975,-0.06697887745326286,-0.060420349112302214,0.029598558833218547,0.37099661315957055,1.0,True,False,K5,K5
PTO,3,PCT,PTO_LA0_I3 − PTO_LA5_I3,96,0.0021329664122583017,0.009607508926497619,-0.04408777830345493,0.04499779182594989,0.8643080142489131,1.0,-0.009925130504584758,-0.04296722558181825,-0.0554451521039649,0.03719642163480678,0.6166632111549522,1.0,False,False,K0,K5
PTO,4,PCT,PTO_LA0_I4 − PTO_LA5_I4,96,-0.01858161142937232,-0.09664617558932308,-0.054921340650956,0.01991712854513249,0.10513639133463765,1.0,-0.04663433736527777,-0.27892944346444853,-0.07803379564353345,-0.013913337590037989,0.0041228109402039245,0.04122810940203925,True,True,K5,K5
PTO,5,PCT,PTO_LA0_I5 − PTO_LA5_I5,96,-0.020040130993615648,-0.10549099004056421,-0.05745441248184931,0.01774803195395739,0.7151680306708604,1.0,-0.046540662283706846,-0.22361868901532206,-0.08910219776586747,-0.0072641177154712765,0.04981991613023073,0.44837924517207656,True,True,K5,K5
PTO,6,PCT,PTO_LA0_I6 − PTO_LA5_I6,96,0.0061858319129233785,0.03676768670880912,-0.02573848174607498,0.041848248507923645,0.962091363719499,1.0,-0.0028263368361085097,-0.017556067515695085,-0.03377246932938206,0.02991232966120488,0.9223971464320886,1.0,False,False,K0,K5
PTO,7,PCT,PTO_LA0_I7 − PTO_LA5_I7,96,-0.020037680078514565,-0.07961107757935917,-0.06996775796700369,0.02907034504157711,0.21411251948631005,1.0,-0.030782542065920553,-0.13138415409299306,-0.08171505007013183,0.012241504365875452,0.19068202194363593,1.0,True,False,K5,K5
PTO,8,PCT,PTO_LA0_I8 − PTO_LA5_I8,96,-0.01480512930867958,-0.08496130999021627,-0.049259331278266774,0.0185340580021581,0.5225092021027675,1.0,-0.02512857186207612,-0.13740492211170116,-0.061272790435184014,0.010010366640681808,0.2813473505182984,1.0,True,False,K5,K5
PTO,9,PCT,PTO_LA0_I9 − PTO_LA5_I9,96,0.01773071499933712,0.0835815082814269,-0.02329698796255902,0.06104594617472251,0.9342371845459214,1.0,-0.02212923749527558,-0.10162828743746341,-0.06572116007487525,0.021367322719099982,0.13787508918885985,1.0,False,False,K0,K5
PTO,10,PCT,PTO_LA0_I10 − PTO_LA5_I10,96,-0.007653542203058877,-0.04353172037239663,-0.04328374537470121,0.028929440652177597,0.2679143352247111,1.0,-0.05134661039960375,-0.2528897685169886,-0.09207389706788181,-0.009623347759529135,0.0027654866763637377,0.030420353440001116,True,True,K5,K5
PTO,0,MICI,PTO_LA0_Base − PTO_LA5_Base,96,0.0356485914196512,0.12286632938113924,-0.020321083979566834,0.09291797030953437,0.3024795316374421,1.0,-0.006147091216771696,-0.01377959675874855,-0.08781785381906503,0.08030107792734055,0.8990133080051678,1.0,False,False,K5,K0
PTO,1,MICI,PTO_LA0_I1 − PTO_LA5_I1,96,-0.013227785626682684,-0.04277949159169396,-0.07272224426325986,0.0491140166512409,0.9737827809486687,1.0,-0.03676524648229707,-0.09191588013782456,-0.11509572834523228,0.03990663347832621,0.40178384062509465,1.0,True,False,K0,K0
PTO,2,MICI,PTO_LA0_I2 − PTO_LA5_I2,96,-0.010436653085405027,-0.04219763563459453,-0.06019351263935727,0.039341892623692844,0.7928065260704735,1.0,-0.06201043681693836,-0.16461375548981455,-0.1361755347528253,0.014653894590656861,0.06681242396594403,0.3340621198297201,True,False,K0,K0
PTO,3,MICI,PTO_LA0_I3 − PTO_LA5_I3,96,0.004369456521611502,0.014975806802287958,-0.05594974508438031,0.059652980568388324,0.5434745801825731,1.0,-0.07970277602366588,-0.1675189228847554,-0.17345334069901117,0.019298311998896,0.038433185100632435,0.23059911060379462,False,False,K5,K0
PTO,4,MICI,PTO_LA0_I4 − PTO_LA5_I4,96,-0.11117021721498267,-0.39980062360770086,-0.16354718573043614,-0.05588279649852251,0.0002291794081769239,0.002062614673592315,-0.17655671091006853,-0.4698689065382412,-0.24795589376876184,-0.10237417922292236,1.9620819048705047e-05,0.00019620819048705047,True,True,K0,K0
PTO,5,MICI,PTO_LA0_I5 − PTO_LA5_I5,96,-0.03616305013016802,-0.1387353016641404,-0.08834232001406726,0.014268432423575315,0.21924237143334657,1.0,-0.1183919838179854,-0.28063143438327326,-0.20717577602111134,-0.03695588362575718,0.011396380310243792,0.09117104248195033,True,True,K0,K0
PTO,6,MICI,PTO_LA0_I6 − PTO_LA5_I6,96,-0.0023488485672157754,-0.009347836574016955,-0.05151523778381837,0.04609918883959457,0.971584079662138,1.0,-0.05166467413417709,-0.1258670572078443,-0.13024025084335922,0.027181840004093804,0.4833604592533103,1.0,True,False,K0,K0
PTO,7,MICI,PTO_LA0_I7 − PTO_LA5_I7,96,0.07794619024462586,0.285288516768925,0.023678822702558347,0.12930010345804105,0.00580162697623341,0.04641301580986728,0.03718106632923146,0.10363737826174166,-0.03512892982566964,0.10639491610028494,0.24136698420702252,0.9654679368280901,True,False,K5,K5
PTO,8,MICI,PTO_LA0_I8 − PTO_LA5_I8,96,0.05876831422377171,0.22821499691870215,0.009780395933873334,0.10847869358283478,0.03694939757798902,0.2586457830459231,0.07134777117249734,0.2171318043707453,0.0056537793603323875,0.13421569203047404,0.021584800565947457,0.15109360396163218,True,True,K5,K5
PTO,9,MICI,PTO_LA0_I9 − PTO_LA5_I9,96,0.20172382948650366,0.8315592914015403,0.1532600224801088,0.25258663263448106,2.56099521815095e-10,2.817094739966045e-09,0.13573986194511545,0.34187383640726826,0.0574373849409284,0.21336830060540266,0.0004682634563738344,0.004214371107364509,True,True,K5,K5
PTO,10,MICI,PTO_LA0_I10 − PTO_LA5_I10,96,0.2277253368587162,0.7078745170547895,0.16379159612426653,0.2910096204434865,2.9349094122165854e-09,2.9349094122165852e-08,0.24457241001667826,0.6552098137093415,0.1677273965287039,0.3159218368864252,6.849761233738526e-09,7.534737357112378e-08,True,True,K5,K5
