metric,iteration,n,mean_K0,mean_K5,se_K0,se_K5,mean_delta,dz,ci_lo,ci_hi,p,p_holm,sig,lower_better
MICI_Severity,0,96,3.2604166666666665,3.4270833333333335,0.1258695994561493,0.12630441476867893,-0.16666666666666666,-0.14627507100116682,-0.3854166666666667,0.0625,0.15164586046321388,0.45493758138964163,,True
MICI_Severity,1,96,3.1354166666666665,3.2395833333333335,0.12267110469422123,0.12802890955282933,-0.10416666666666667,-0.11015078018937617,-0.2916666666666667,0.09375,0.30232265761480304,0.6046453152296061,,True
MICI_Severity,2,96,2.9791666666666665,3.1041666666666665,0.11468795064605443,0.1082953712164125,-0.125,-0.1035254028017798,-0.375,0.11458333333333333,0.3439661070927067,0.6046453152296061,,True
MICI_Severity,3,96,2.5416666666666665,3.0,0.0724215647506713,0.09248043889897674,-0.4583333333333333,-0.5270844892216385,-0.6354166666666666,-0.2914062500000014,5.618884513853729e-06,3.371330708312238e-05,***,True
MICI_Severity,4,96,2.6041666666666665,2.7604166666666665,0.07175611512951027,0.07513845650663069,-0.15625,-0.19239759072739382,-0.3229166666666667,0.0,0.06922149009587941,0.27688596038351765,,True
MICI_Severity,5,96,2.6979166666666665,2.9166666666666665,0.07991194669851436,0.08463889584616804,-0.21875,-0.2656720443113621,-0.3854166666666667,-0.0625,0.011336855744701274,0.05668427872350637,,True
MICI_Rate,0,96,0.21132584867781182,0.20902164964664963,0.022887843749167795,0.021368951813594488,0.0023041990311622085,0.00727129241829498,-0.05523267485101965,0.06861942581369984,0.778333379130508,1.0,,True
MICI_Rate,1,96,0.22755203635839275,0.22799043862969862,0.022289815787977212,0.023883611161390855,-0.00043840227130583696,-0.0014407693063622805,-0.06327808101936122,0.059405286845520204,0.8257136946275876,1.0,,True
MICI_Rate,2,96,0.169247692642297,0.22758187168720423,0.014816407127016557,0.019818155583543818,-0.05833417904490728,-0.22249380249380488,-0.11002296904469425,-0.00718063716871235,0.07663424460123142,0.22990273380369425,,True
MICI_Rate,3,96,0.23038935956295292,0.3078285534375898,0.014476567380779888,0.020423839572468277,-0.07743919387463692,-0.31939157951725244,-0.1261975739730319,-0.028878425386959106,0.0014578713268923124,0.008747227961353875,**,True
MICI_Rate,4,96,0.25070171270006797,0.30497848760716406,0.014002696755631651,0.018247062307259684,-0.05427677490709612,-0.24536413498386483,-0.09901428245414073,-0.010974298644359655,0.018259069863518718,0.09129534931759359,,True
MICI_Rate,5,96,0.2772960220962139,0.3402850926484238,0.01498355123713922,0.021293472516075038,-0.06298907055220994,-0.2429304993301655,-0.11673686140684822,-0.012561273117903764,0.043888484640511365,0.17555393856204546,,True
MICI_Confront_rate,0,96,0.008359823631362952,0.005599747474747475,0.0034877712257294947,0.0029225870757402855,0.002760076156615478,0.06849234575656697,-0.005429280819706012,0.010582611407334663,0.5060956790543683,1.0,,True
MICI_Confront_rate,1,96,0.005567129629629629,0.005421757518796993,0.0032675065649751104,0.0022745079168723934,0.00014537211083263715,0.0043803508509578344,-0.006308186916945141,0.007187266125382888,0.9643650017422594,1.0,,True
MICI_Confront_rate,2,96,0.0020833333333333333,0.0056386502989763864,0.002083333333333334,0.0021407764398528126,-0.0035553169656430523,-0.1198245884929531,-0.00890740028138126,0.002351641414141414,0.16142946236708333,0.8071473118354167,,True
MICI_Confront_rate,3,96,0.0,0.0057700892857142855,0.0,0.0019292703498323396,-0.0057700892857142855,-0.30524870282195316,-0.010129433283730158,-0.002271825396825397,0.007264382942252025,0.04358629765351215,*,True
MICI_Confront_rate,4,96,0.0,0.000946969696969697,0.0,0.0009469696969696969,-0.000946969696969697,-0.10206207261596577,-0.0028409090909090906,0.0,0.31731050786291415,1.0,,True
MICI_Confront_rate,5,96,0.0,0.001488095238095238,0.0,0.0014880952380952382,-0.001488095238095238,-0.10206207261596575,-0.004464285714285714,0.0,0.31731050786291415,1.0,,True
MICI_AdviseNoPermission_rate,0,96,0.1305303552405913,0.12084763616013616,0.014840980445141823,0.012387982607855381,0.009682719080455152,0.050617863097409246,-0.026569766829998058,0.048552317508647316,0.9465533029954288,1.0,,True
MICI_AdviseNoPermission_rate,1,96,0.14087982790164486,0.14995199897409564,0.013148988125986565,0.01625486492924319,-0.009072171072450801,-0.050441822046562265,-0.046827176484153674,0.02735948410866406,0.722636414117171,1.0,,True
MICI_AdviseNoPermission_rate,2,96,0.11305849280274886,0.1485859791249249,0.010080846609565833,0.011745419068499486,-0.035527486322176054,-0.21837060574664577,-0.06676117497428538,-0.00328898034459282,0.023197688959878896,0.06959306687963669,,True
MICI_AdviseNoPermission_rate,3,96,0.14954439102045822,0.2022320521379635,0.008926461720896742,0.013990502255200071,-0.052687661117505315,-0.3221023354725543,-0.0852180694474311,-0.02124922920703998,0.002517516897652846,0.01258758448826423,*,True
MICI_AdviseNoPermission_rate,4,96,0.15934403346409926,0.20258131030189855,0.009920261712441864,0.013498359109569832,-0.043237276837799286,-0.286205307413733,-0.07344925466828886,-0.014119707724577841,0.003870083392246359,0.015480333568985436,*,True
MICI_AdviseNoPermission_rate,5,96,0.1759798724057036,0.2382237377052355,0.009424561597555612,0.013173886288759422,-0.06224386529953186,-0.37943728751308836,-0.09383197858383178,-0.031975670375901155,0.0011402444199835953,0.006841466519901572,**,True
MICI_Warn_rate,0,96,0.001217948717948718,0.0020949074074074073,0.0008992414841934042,0.0013255406814737915,-0.0008769586894586894,-0.05530213119505726,-0.0043058449074074075,0.0020818643162393053,0.5879367461735663,1.0,,True
MICI_Warn_rate,1,96,0.0,0.001850328947368421,0.0,0.0014074677962879721,-0.001850328947368421,-0.13417600593619575,-0.005002741228070175,0.0,0.17971249487899976,0.718849979515999,,True
MICI_Warn_rate,2,96,0.0,0.002569444444444444,0.0,0.0015245901976395412,-0.002569444444444444,-0.17200873118402452,-0.0060416666666666665,0.0,0.10880943004054569,0.6528565802432742,,True
MICI_Warn_rate,3,96,0.0,0.0018551587301587301,0.0,0.001089024708782951,-0.0018551587301587301,-0.17386322229842074,-0.00431547619047619,0.0,0.10880943004054569,0.6528565802432742,,True
MICI_Warn_rate,4,96,0.0,0.0,0.0,0.0,0.0,,0.0,0.0,1.0,1.0,,True
MICI_Warn_rate,5,96,0.0,0.001488095238095238,0.0,0.0014880952380952382,-0.001488095238095238,-0.10206207261596575,-0.004464285714285714,0.0,0.31731050786291415,0.9519315235887424,,True
MICI_Direct_rate,0,96,0.041656175193242766,0.044852739852739854,0.008289092030050673,0.009046479856969342,-0.0031965646594970857,-0.02681407820085085,-0.026529256557579362,0.020779178960115215,0.9255961326525456,1.0,,True
MICI_Direct_rate,1,96,0.06193390278094225,0.05042215121694612,0.011008849086696275,0.00946032679510976,0.011511751563996147,0.08412227174920428,-0.014543263854917297,0.0378044211894952,0.2844687238456147,0.8534061715368442,,True
MICI_Direct_rate,2,96,0.03542463029280948,0.03139244404135372,0.006808987595142762,0.006434027358791401,0.004032186251455753,0.04271571640056831,-0.014006361090454307,0.022949387826187134,0.6620271870862164,1.0,,True
MICI_Direct_rate,3,96,0.044438579038279115,0.06551926661301662,0.006465912817368672,0.008760820546938629,-0.021080687574737494,-0.1994270132677415,-0.04237990593495021,-0.00030289918285154074,0.04741002558979259,0.18964010235917036,,True
MICI_Direct_rate,4,96,0.03154694264069264,0.056838398869648865,0.0053004296435179505,0.007511952417934383,-0.025291456228956222,-0.32258830112274567,-0.0408385116041366,-0.009756487869769119,0.0023961445961154814,0.01437686757669289,*,True
MICI_Direct_rate,5,96,0.039277936796319156,0.06522986102949338,0.006475614826236142,0.009488266211754685,-0.025951924233174235,-0.233250031880744,-0.04790158383793494,-0.0038868573301018353,0.027317533024864823,0.13658766512432413,,True
MICI_Judge_rate,0,96,0.010464395938141142,0.009662247474747475,0.003531789914361761,0.0043866184721654935,0.0008021484633936685,0.015671019198070735,-0.009607824119547864,0.010568228735623037,0.6938840899815351,1.0,,True
MICI_Judge_rate,1,96,0.008956679894179894,0.006495666248955724,0.005474798809760356,0.0025973193490964304,0.002461013645224172,0.04167792897831132,-0.007529727095516568,0.015510930103035357,0.6658956693910549,1.0,,True
MICI_Judge_rate,2,96,0.003405448717948718,0.011343284821903242,0.0027165800220980995,0.003955360660062921,-0.007937836103954524,-0.19501093237784517,-0.016203741456825335,-0.0004491398358585889,0.0750797841040914,0.375398920520457,,True
MICI_Judge_rate,3,96,0.0004166666666666667,0.005023561507936507,0.00041666666666666675,0.001742764093220094,-0.0046068948412698405,-0.2606175046105036,-0.008480995783730159,-0.0013454861111111109,0.011997286233106733,0.0719837173986404,,True
MICI_Judge_rate,4,96,0.0,0.0015256734006734007,0.0,0.001104586994528615,-0.0015256734006734007,-0.14096978343858477,-0.003998316498316498,0.0,0.17971249487899976,0.718849979515999,,True
MICI_Judge_rate,5,96,0.0,0.001488095238095238,0.0,0.001488095238095238,-0.001488095238095238,-0.10206207261596577,-0.004464285714285714,0.0,0.31731050786291415,0.9519315235887424,,True
MICI_OverPraise_rate,0,96,0.019097149956524957,0.025964371276871276,0.00713042143524826,0.011237448595933907,-0.006867221320346321,-0.051719548247865454,-0.034145112699800195,0.01735211583844396,0.708701061164478,1.0,,True
MICI_OverPraise_rate,1,96,0.01021449615199615,0.013848535723535721,0.0033584193191536268,0.005936365065817544,-0.0036340395715395712,-0.06071793819665049,-0.01654618385087135,0.007304781445406443,0.7980337994255822,1.0,,True
MICI_OverPraise_rate,2,96,0.015275787495456612,0.028052068955601566,0.005261763361170148,0.007628505148756371,-0.01277628146014495,-0.14611292874291823,-0.02946845634917086,0.0034519251129305466,0.06946333183085392,0.34731665915426957,,True
MICI_OverPraise_rate,3,96,0.03598972283754893,0.027428425162800158,0.0059380894159826525,0.005419155413909165,0.008561297674748761,0.12460328171628184,-0.0052638787339874295,0.022687770082046577,0.22018425681029197,0.6605527704308759,,True
MICI_OverPraise_rate,4,96,0.05981073659527606,0.04308613533797357,0.008742360038522783,0.006818022259253425,0.016724601257302494,0.16202589262904146,-0.00361837900115522,0.038002675512822076,0.12707233855638014,0.5082893542255206,,True
MICI_OverPraise_rate,5,96,0.06203821289419117,0.03236720819940928,0.009895793981143469,0.006287343362790174,0.029671004694781872,0.30100634361080775,0.010072091442675683,0.05012750538260049,0.0077865230917704455,0.04671913855062267,*,True
MICI_BehaviorTotal,0,96,2.84375,2.6770833333333335,0.3338794183665294,0.3388236848282375,0.16666666666666666,0.03451365957648973,-0.8020833333333334,1.125,0.9130527894000381,1.0,,True
MICI_BehaviorTotal,1,96,2.59375,2.5833333333333335,0.2224160224925433,0.2502922268677343,0.010416666666666666,0.0034561118794987815,-0.625,0.59375,0.9460286758606054,1.0,,True
MICI_BehaviorTotal,2,96,2.34375,3.03125,0.20775962673243326,0.24843948264132198,-0.6875,-0.20913589883417,-1.34375,-0.041666666666666664,0.04597184934183167,0.22985924670915836,,True
MICI_BehaviorTotal,3,96,2.9479166666666665,4.041666666666667,0.16581126429014734,0.23643768265185183,-1.09375,-0.41938326258484143,-1.61484375,-0.5625,0.00019999072208260363,0.0011999443324956218,**,True
MICI_BehaviorTotal,4,96,3.3020833333333335,3.5625,0.1525512508550058,0.18662074544803145,-0.2604166666666667,-0.12620510059858128,-0.67734375,0.15625,0.2965867475123294,0.8897602425369882,,True
MICI_BehaviorTotal,5,96,3.7708333333333335,3.4479166666666665,0.19335403322336644,0.1918685769064168,0.3229166666666667,0.12650584537993073,-0.19791666666666666,0.8229166666666666,0.10496268687061233,0.4198507474824493,,True
MICI_Confront,0,96,0.11458333333333333,0.08333333333333333,0.041543128262661606,0.03823595564509363,0.03125,0.07005015912464746,-0.0625,0.11458333333333333,0.49888657817579674,1.0,,True
MICI_Confront,1,96,0.0625,0.08333333333333333,0.028914953940885137,0.031990495664579774,-0.020833333333333332,-0.0643468417177689,-0.09375,0.041666666666666664,0.5270892568655381,1.0,,True
MICI_Confront,2,96,0.010416666666666666,0.08333333333333333,0.010416666666666668,0.031990495664579774,-0.07291666666666667,-0.21943681487678965,-0.14583333333333334,-0.010416666666666666,0.034808478811867126,0.17404239405933564,,True
MICI_Confront,3,96,0.0,0.09375,0.0,0.02990527809425515,-0.09375,-0.31995419930854546,-0.15625,-0.041666666666666664,0.002699796063260186,0.016198776379561117,*,True
MICI_Confront,4,96,0.0,0.010416666666666666,0.0,0.010416666666666668,-0.010416666666666666,-0.10206207261596575,-0.03125,0.0,0.31731050786291415,1.0,,True
MICI_Confront,5,96,0.0,0.010416666666666666,0.0,0.010416666666666668,-0.010416666666666666,-0.10206207261596575,-0.03125,0.0,0.31731050786291415,1.0,,True
MICI_AdviseNoPermission,0,96,1.65625,1.4270833333333333,0.1860414763461434,0.13551784344437037,0.22916666666666666,0.09881446124958354,-0.18776041666666665,0.7294270833333318,0.5568286296818353,1.0,,True
MICI_AdviseNoPermission,1,96,1.6458333333333333,1.6458333333333333,0.14583333333333337,0.1495454858535733,0.0,0.0,-0.375,0.3648437499999986,0.8706910132116614,1.0,,True
MICI_AdviseNoPermission,2,96,1.5833333333333333,1.96875,0.13217700342313005,0.15279065270045672,-0.3854166666666667,-0.1881254788215762,-0.7916666666666666,0.03125,0.06755295488391751,0.3377647744195875,,True
MICI_AdviseNoPermission,3,96,1.9375,2.59375,0.11921940925813906,0.14325333727474163,-0.65625,-0.36706249042095707,-1.0104166666666667,-0.3020833333333333,0.0007748482168238993,0.0046490893009433956,**,True
MICI_AdviseNoPermission,4,96,2.1354166666666665,2.28125,0.10944416150852496,0.1163244903767195,-0.14583333333333334,-0.10153990126377357,-0.4375,0.13541666666666666,0.3189022083466758,1.0,,True
MICI_AdviseNoPermission,5,96,2.3958333333333335,2.4270833333333335,0.1225453430821062,0.12007380010127203,-0.03125,-0.019077505275894854,-0.34401041666666665,0.2916666666666667,0.8741862226502908,1.0,,True
MICI_Warn,0,96,0.020833333333333332,0.03125,0.014653652519550978,0.017851267830546233,-0.010416666666666666,-0.04545256843932348,-0.052083333333333336,0.03125,0.6547208460185769,1.0,,True
MICI_Warn,1,96,0.0,0.020833333333333332,0.0,0.014653652519550978,-0.020833333333333332,-0.14510328920809168,-0.052083333333333336,0.0,0.15729920705028502,0.6291968282011401,,True
MICI_Warn,2,96,0.0,0.041666666666666664,0.0,0.025290707444453504,-0.041666666666666664,-0.1681481772836373,-0.10416666666666667,0.0,0.10247043485974937,0.5123521742987468,,True
MICI_Warn,3,96,0.0,0.03125,0.0,0.017851267830546233,-0.03125,-0.17866740892158448,-0.07291666666666667,0.0,0.0832645166635504,0.49958709998130246,,True
MICI_Warn,4,96,0.0,0.0,0.0,0.0,0.0,,0.0,0.0,1.0,1.0,,True
MICI_Warn,5,96,0.0,0.010416666666666666,0.0,0.010416666666666668,-0.010416666666666666,-0.10206207261596575,-0.03125,0.0,0.31731050786291415,0.9519315235887424,,True
MICI_Direct,0,96,0.6875,0.5833333333333334,0.15902147322726082,0.11908520709856286,0.10416666666666667,0.054506953373438534,-0.2708333333333333,0.5208333333333334,0.7359131976642794,1.0,,True
MICI_Direct,1,96,0.65625,0.625,0.11831059053750571,0.11398868826612395,0.03125,0.021382777261308824,-0.25,0.3023437499999986,0.8351934791532829,1.0,,True
MICI_Direct,2,96,0.4791666666666667,0.3958333333333333,0.10257556763685682,0.07902804114078565,0.08333333333333333,0.06394675384899293,-0.17708333333333334,0.3541666666666667,0.8267098424637994,1.0,,True
MICI_Direct,3,96,0.5833333333333334,0.90625,0.07354832917984065,0.11187999229280719,-0.3229166666666667,-0.26891095254366615,-0.5625,-0.09375,0.009063499833610395,0.04531749916805197,*,True
MICI_Direct,4,96,0.4583333333333333,0.7291666666666666,0.06608850171156504,0.09186083900493214,-0.2708333333333333,-0.32752652756097034,-0.4479166666666667,-0.11458333333333333,0.0018528597833437728,0.011117158700062637,*,True
MICI_Direct,5,96,0.6458333333333334,0.6875,0.1165844008202636,0.10812648944314361,-0.041666666666666664,-0.027903161378173745,-0.3333333333333333,0.25,0.657675134533369,1.0,,True
MICI_Judge,0,96,0.15625,0.13541666666666666,0.05199554004153171,0.05465159117654905,0.020833333333333332,0.030626682498838747,-0.11458333333333333,0.14609374999999858,0.8333214914773774,1.0,,True
MICI_Judge,1,96,0.13541666666666666,0.07291666666666667,0.08586478515904734,0.02667540290010708,0.0625,0.0709952292808831,-0.07291666666666667,0.2604166666666667,1.0,1.0,,True
MICI_Judge,2,96,0.020833333333333332,0.16666666666666666,0.014653652519550978,0.056713087281560055,-0.14583333333333334,-0.278984582017977,-0.25,-0.052083333333333336,0.00785066726754836,0.047104003605290164,*,True
MICI_Judge,3,96,0.010416666666666666,0.08333333333333333,0.010416666666666666,0.028356543640780028,-0.07291666666666667,-0.24391888255707816,-0.13541666666666666,-0.020833333333333332,0.019630657257290667,0.09815328628645334,,True
MICI_Judge,4,96,0.0,0.020833333333333332,0.0,0.014653652519550978,-0.020833333333333332,-0.14510328920809168,-0.052083333333333336,0.0,0.15729920705028502,0.6291968282011401,,True
MICI_Judge,5,96,0.0,0.010416666666666666,0.0,0.010416666666666666,-0.010416666666666666,-0.10206207261596577,-0.03125,0.0,0.31731050786291415,0.9519315235887424,,True
MICI_OverPraise,0,96,0.20833333333333334,0.4166666666666667,0.0782436963811898,0.2631067201704099,-0.20833333333333334,-0.07664848403771479,-0.8020833333333334,0.1981770833333319,0.8288807327802266,1.0,,True
MICI_OverPraise,1,96,0.09375,0.13541666666666666,0.02990527809425515,0.054651591176549066,-0.041666666666666664,-0.07197961219974602,-0.16666666666666666,0.0625,0.6354287247995768,1.0,,True
MICI_OverPraise,2,96,0.25,0.375,0.10259783520851543,0.10704360482220943,-0.125,-0.08781252166427611,-0.39609374999999997,0.15625,0.11297365422102161,0.5648682711051081,,True
MICI_OverPraise,3,96,0.4166666666666667,0.3333333333333333,0.06732134685736806,0.06398099132915955,0.08333333333333333,0.10048775604841745,-0.08333333333333333,0.25,0.3559050218600476,1.0,,True
MICI_OverPraise,4,96,0.7083333333333334,0.5208333333333334,0.10250873589930037,0.08242376417384002,0.1875,0.15521807574174548,-0.0625,0.4270833333333333,0.15547143563977753,0.6218857425591101,,True
MICI_OverPraise,5,96,0.7291666666666666,0.3020833333333333,0.11420891778046406,0.05945621945737673,0.4270833333333333,0.377663405546972,0.20833333333333334,0.6666666666666666,0.0004010347314313721,0.0024062083885882327,**,True
B3_Q_per_turn,0,96,0.446390401876756,0.4709338984208373,0.021202750289090935,0.022810171518303925,-0.02454349654408124,-0.0866769872252045,-0.08102413468756042,0.031970802651829854,0.7368771909517617,0.9909393419154482,,False
B3_Q_per_turn,1,96,0.45835497095389705,0.46083873446357043,0.02317110068416931,0.022357343991157474,-0.00248376350967338,-0.010461757227824433,-0.048721034281774656,0.04733761633685441,0.48187094050581714,0.9909393419154482,,False
B3_Q_per_turn,2,96,0.4232735983208162,0.3976463582013201,0.016590173255564205,0.015734137635458972,0.025627240119495975,0.11504928032951862,-0.018700477644428552,0.06892036082680617,0.33031311397181606,0.9909393419154482,,False
B3_Q_per_turn,3,96,0.40173920353120945,0.3988342444502951,0.008305999692408668,0.01179644703056547,0.0029049590809143693,0.0263027936279393,-0.021341336601145868,0.023686557656776512,0.11192679421113991,0.44770717684455963,,False
B3_Q_per_turn,4,96,0.37415237874941826,0.40058176963967407,0.005747417942086576,0.010625694101999638,-0.026429390890255824,-0.216543779809583,-0.05266120715656319,-0.0036917642518032195,0.08380772657896951,0.41903863289484755,,False
B3_Q_per_turn,5,96,0.36063170259721566,0.3838581433796027,0.00810519909309019,0.008913691018628883,-0.02322644078238707,-0.2222130954891936,-0.04471990457536832,-0.0032008315523590985,0.027468759915839573,0.16481255949503743,,False
B4_SR_per_turn,0,96,0.1793554150680362,0.19917545169649464,0.011285463530005332,0.012023850756072927,-0.01982003662845844,-0.13714227488855996,-0.0493620998026871,0.007372949417027364,0.23814257378481374,0.952570295139255,,False
B4_SR_per_turn,1,96,0.16494247928821262,0.15225886641705352,0.010335849747600125,0.009812111080106274,0.012683612871159143,0.11029810994290339,-0.009189389351081495,0.035275129188135045,0.3464923621258935,1.0,,False
B4_SR_per_turn,2,96,0.18905242113501133,0.17378300855964404,0.009443448087089032,0.009886505846695284,0.015269412575367285,0.11560856511684162,-0.010693054574018321,0.041325432050756,0.09695094039793112,0.4847547019896556,,False
B4_SR_per_turn,3,96,0.16330673152298078,0.1653949184505009,0.006215887580908714,0.0072658070394955795,-0.002088186927520115,-0.021759226830872547,-0.0212380361985867,0.016386185529717205,0.7687585207126113,1.0,,False
B4_SR_per_turn,4,96,0.1644929537445985,0.16382579736440028,0.0056832170022160546,0.006514650407738833,0.0006671563801981783,0.00739259249460546,-0.017171048584699897,0.018688677365716333,0.8319365245119528,1.0,,False
B4_SR_per_turn,5,96,0.1740304331263011,0.15671573986571588,0.006138278980727834,0.00805609360545957,0.01731469326058521,0.1802882786440612,-0.001869977527016766,0.03604464112405987,0.05074129201446565,0.3044477520867939,,False
B5_CR_per_turn,0,96,0.09287379435042942,0.08682266898549794,0.012884600199664338,0.00928074403058832,0.0060511253649314775,0.042312826861736506,-0.021181033023742975,0.03462418061460847,0.708041168550914,1.0,,False
B5_CR_per_turn,1,96,0.07506509858677042,0.07277837839764706,0.006507567469842603,0.006562342693970761,0.0022867201891233553,0.026267720188442454,-0.015194739089415727,0.020050914158475076,0.9628328415707939,1.0,,False
B5_CR_per_turn,2,96,0.10175074598230473,0.09469692824647857,0.010956792486135231,0.006795949364212437,0.007053817735826164,0.05657371495287039,-0.015873923769499546,0.033932671602767514,0.9436057972348961,1.0,,False
B5_CR_per_turn,3,96,0.09208098105833122,0.09354799941487248,0.005005724771440593,0.005520890311524839,-0.0014670183565412588,-0.01959773924885361,-0.016314015196041875,0.012977389625875493,0.9023095179502946,1.0,,False
B5_CR_per_turn,4,96,0.09740584585979321,0.0957134037327052,0.004842073429739884,0.005956649986704225,0.0016924421270880254,0.02414318668863028,-0.01238076223357038,0.016016937777985327,0.8159175758249452,1.0,,False
B5_CR_per_turn,5,96,0.0899755631936738,0.08664623551652005,0.005913648382532111,0.007460063254144823,0.0033293276771537653,0.03678711306987178,-0.014547616258089204,0.021645998442893423,0.8297744654394025,1.0,,False
B6_AF_per_turn,0,96,0.029065680997279294,0.02580545611795612,0.0057680394691703414,0.005094191224309059,0.003260224879323176,0.042982239866076855,-0.01128920172758456,0.018619026149199792,0.987289448486318,1.0,,False
B6_AF_per_turn,1,96,0.0234124532820837,0.0232312404460721,0.004596258084822646,0.004340662044157849,0.00018121283601159823,0.002900565737187484,-0.012064876173090183,0.012748154522474856,0.9279620549847138,1.0,,False
B6_AF_per_turn,2,96,0.031924964033445156,0.033173628393322746,0.004768265044248754,0.004945905829095568,-0.0012486643598775941,-0.01889378988294084,-0.014582463587943326,0.01224468973579853,0.8767857110359305,1.0,,False
B6_AF_per_turn,3,96,0.030301860755530496,0.03931946814759315,0.0055441208411270496,0.006379957096229982,-0.00901760739206265,-0.12298650062342939,-0.02394561141598196,0.0054503340290836914,0.2670873296512216,1.0,,False
B6_AF_per_turn,4,96,0.05387661954273796,0.037683617954757664,0.0070185056423796655,0.00645289138185488,0.016193001587980302,0.19974736072971147,-0.00023594265507239663,0.03184848730574229,0.08370015245472517,0.41850076227362587,,False
B6_AF_per_turn,5,96,0.054998480867846276,0.02126770142894663,0.008556659046988898,0.005398304074099716,0.03373077943889965,0.33485211591739594,0.013895078962993765,0.05372322672964556,0.0033170042052342776,0.019902025231405666,*,False
B2_Persuade_per_turn,0,96,0.08902282121007933,0.07845803791116292,0.009052572805545746,0.008381489385395926,0.010564783298916422,0.0958781781859563,-0.010896565099587306,0.03245101347328998,0.26821463090733,0.53642926181466,,False
B2_Persuade_per_turn,1,96,0.10367647892899441,0.1007325450079564,0.007864882453109834,0.008781329631273985,0.002943933921038007,0.027146686649378696,-0.020061698078656532,0.02450641021942624,0.5076622537110893,0.53642926181466,,False
B2_Persuade_per_turn,2,96,0.09769321086157974,0.12554519395727626,0.007123615937590526,0.007903818277268666,-0.027851983095696493,-0.25477773561154937,-0.049130273012348326,-0.007021047051307234,0.01780032090945321,0.07120128363781283,,False
B2_Persuade_per_turn,3,96,0.1369898544681595,0.15778758139149007,0.004894328826646138,0.006365550114282407,-0.020797726923330553,-0.25892494026916557,-0.0362261983563421,-0.0049456456581716424,0.0036703892082276886,0.018351946041138444,*,False
B2_Persuade_per_turn,4,96,0.14816607369238946,0.16168528333050394,0.004287443164775817,0.005557011524318449,-0.01351920963811444,-0.18760150894624247,-0.028037925408426565,0.00026136868713178837,0.05292718685805458,0.15878156057416373,,False
B2_Persuade_per_turn,5,96,0.14795646597736592,0.18810663972968164,0.004963892953226549,0.006364488906847972,-0.0401501737523157,-0.5307090846338595,-0.0562306257033319,-0.025362928344995577,3.853617698756801e-06,2.312170619254081e-05,***,False
B1_GI_per_turn,0,96,0.12358931658225387,0.11852172802830696,0.010737768048775409,0.010584064967186575,0.005067588553946915,0.03835695646695242,-0.019834478292470988,0.03204769028235552,0.8067429390147471,1.0,,False
B1_GI_per_turn,1,96,0.15874647469582648,0.15618354684103145,0.01232318000221166,0.013096742066708201,0.002562927854795033,0.01719786465086706,-0.02799743878821359,0.0326297591917623,0.5112845183978199,1.0,,False
B1_GI_per_turn,2,96,0.15675839197050415,0.16328313095363042,0.009793087762877824,0.009179449268181164,-0.006524738983126298,-0.048909599863533736,-0.03267877243288953,0.01995696035289575,0.42258452387254375,1.0,,False
B1_GI_per_turn,3,96,0.1961149342554036,0.19488430835518686,0.006852599238724338,0.008803909319626504,0.001230625900216777,0.012406515035638124,-0.01788350569928965,0.0205100297829228,0.8788951585975091,1.0,,False
B1_GI_per_turn,4,96,0.204614271875785,0.19176844380428937,0.006875257663477755,0.00727374149164211,0.012845828071495645,0.13965737384844842,-0.0052151569497556815,0.03208860349030626,0.10883811758720592,0.6530287055232356,,False
B1_GI_per_turn,5,96,0.21834457518480857,0.21036396360045653,0.006752046386279017,0.006737470225365534,0.007980611584351998,0.0870958183752201,-0.010728565108520346,0.025787886561708682,0.5249752306752036,1.0,,False
B7_Seek_per_turn,0,96,0.04246151440205148,0.03770659657608187,0.009802455708366511,0.008271149970478607,0.004754917825969618,0.03901291455179208,-0.01926833562679151,0.031017349535292296,0.8559392782382811,1.0,,False
B7_Seek_per_turn,1,96,0.04484988249839256,0.03133419203417268,0.013482065644353032,0.008520712168465644,0.013515690464219876,0.0852811099910322,-0.017407788528192938,0.04654208160511367,0.6057128248988553,1.0,,False
B7_Seek_per_turn,2,96,0.03663597489255383,0.03771895136365245,0.008125647176104412,0.012901264693918033,-0.0010829764710986098,-0.007218185304657925,-0.03390276772242769,0.02700905102176644,0.44859845702634993,1.0,,False
B7_Seek_per_turn,3,96,0.030685666350333537,0.040790697771154426,0.006605497617710055,0.007128824686122867,-0.010105031420820894,-0.1170646043626073,-0.027518979002700943,0.006323051351580275,0.2341816927313155,0.936726770925262,,False
B7_Seek_per_turn,4,96,0.038902903565732505,0.02664605614973262,0.006510415350330685,0.005724934423760889,0.01225684741599989,0.17246369655405142,-0.0024989332106447036,0.026393879501561388,0.11235412472973574,0.5617706236486787,,False
B7_Seek_per_turn,5,96,0.045836586021608394,0.01869663900913901,0.012120291604649416,0.005416825438229121,0.027139947012469388,0.20610584983421193,0.0033368126006293377,0.056577198083202315,0.02979315229606339,0.17875891377638034,,False
RtoQ,0,88,0.7003139717425432,0.7653140467656596,0.04898046187623724,0.06966374281293228,-0.061598124098124124,-0.07874307860597352,-0.22683170995671,0.09019897637085111,0.753373122536003,1.0,,False
RtoQ,1,90,0.6315605590062112,0.6557987711213518,0.04153837166479687,0.06699018375355872,-0.02456349206349207,-0.03291379282897024,-0.1887986111111111,0.11646263227513218,0.6284506366290306,1.0,,False
RtoQ,2,90,0.7412186379928314,0.7623570575183477,0.04350966255829413,0.06418845921713397,-0.023324514991181645,-0.030518665376296095,-0.19002546296296294,0.12058388447971771,0.6414829037989604,1.0,,False
RtoQ,3,96,0.6733713624338624,0.7007564484126986,0.02952088455966472,0.03297820601971563,-0.02738508597883597,-0.06212202157736817,-0.11839223710317459,0.061498532572751306,0.7553575592603727,1.0,,False
RtoQ,4,96,0.7318204365079365,0.696217757936508,0.03101398462390865,0.03306254881700079,0.035602678571428556,0.08120306982495402,-0.05249906994047621,0.1260717385912698,0.4254316957233618,1.0,,False
RtoQ,5,95,0.7764870509607351,0.7132316468253969,0.03434053132037411,0.05097809244788539,0.06627401837928154,0.11900224103164751,-0.04250877192982455,0.17723631996658312,0.13427858020136801,0.8056714812082081,,False
%CR,0,74,0.2968275700203411,0.2762741609127151,0.023352697148411383,0.019422857460381734,-0.0021530646530646554,-0.009111939467051864,-0.055051931926931925,0.050558534933534925,0.9970616188620288,1.0,,False
%CR,1,70,0.3002876984126984,0.3006891612660843,0.01770097668315373,0.020318666749510595,-0.005801936159079026,-0.02698032810387406,-0.0564616256759114,0.043874225972440214,0.7564081335233228,1.0,,False
%CR,2,80,0.3295651666341321,0.3356384564249733,0.01574801843837022,0.016771403029930215,0.0033079073704073677,0.014816864772390559,-0.0431582375957376,0.05330327485014984,0.5071900007248833,1.0,,False
%CR,3,89,0.3441511387163561,0.3475327812284334,0.01611614433230538,0.01663023767999486,0.00019618334225076538,0.0008630416849097031,-0.04520119939361512,0.04590890850722303,0.9627887049373267,1.0,,False
%CR,4,89,0.3598310291858679,0.34199016563147,0.01436504580892638,0.01897639702394674,0.016653290529695018,0.07837925905487675,-0.028026350989834133,0.05874933119315141,0.2023687995976292,1.0,,False
%CR,5,86,0.3144323671497585,0.30029427501337613,0.01772099784335358,0.02106208004129841,0.0251845699520118,0.09802387565770289,-0.026786175710594325,0.0802031423034329,0.6571940853996345,1.0,,False
%MICO,0,80,0.7693154713019781,0.7934502099207982,0.024522944112461423,0.022539255677902124,-0.03365386274353666,-0.12016418931633426,-0.09614039127388312,0.022191187737383357,0.23614891815867944,0.4722978363173589,,False
%MICO,1,78,0.7056510619010619,0.7032305044353238,0.02422238415494152,0.027377358961924537,-0.0026537920768689963,-0.008435880938960177,-0.06889848577348577,0.06898306287729367,0.6237357552762228,0.6237357552762228,,False
%MICO,2,89,0.7556961003971872,0.6872498767660058,0.023120372105752025,0.022963541028395398,0.05969431629543989,0.19644976955686935,-0.003792054933206625,0.12039342251069779,0.03197229343256278,0.1598614671628139,,False
%MICO,3,94,0.663349632823317,0.642408243658573,0.018606230888814464,0.019121364238917443,0.020019576747970794,0.07527509058642835,-0.032504505864143315,0.07152223896838875,0.13224465555867526,0.3967339666760258,,False
%MICO,4,95,0.6682360191551368,0.6235844126633601,0.01739677985319574,0.01968717743672805,0.04642251195656768,0.172886822720628,-0.007055852150085899,0.10050898858193731,0.05505348270211551,0.22021393080846205,,False
%MICO,5,96,0.6720641686404555,0.5388513447336977,0.01743620707518793,0.022758528558632408,0.13321282390675773,0.5044666107817878,0.08326509523717703,0.1848948335374116,4.816524539171335e-06,2.8899147235028012e-05,***,False
B3_Q,0,96,6.385416666666667,6.552083333333333,0.4912322921380285,0.5324697898659445,-0.16666666666666666,-0.02581011015387293,-1.40625,1.1049479166666625,0.8633891313089582,1.0,,False
B3_Q,1,96,5.572916666666667,6.125,0.47335699031257356,0.4760146135159107,-0.5520833333333334,-0.09075239390563737,-1.78125,0.7502604166666652,0.047530736038236605,0.19012294415294642,,False
B3_Q,2,96,6.59375,5.677083333333333,0.4134732338756391,0.31326478055140217,0.9166666666666666,0.17095660683028432,-0.15625,1.948177083333332,0.1416882513225601,0.4250647539676803,,False
B3_Q,3,96,5.395833333333333,5.5625,0.2178841468808328,0.24459620322396453,-0.16666666666666666,-0.05841537744326472,-0.7291666666666666,0.4479166666666667,0.5366378036340307,1.0,,False
B3_Q,4,96,5.541666666666667,4.96875,0.23410742523403139,0.2054376612878919,0.5729166666666666,0.1955437998004323,-0.00026041666666665186,1.1666666666666667,0.03169739633684023,0.15848698168420117,,False
B3_Q,5,96,5.395833333333333,4.270833333333333,0.2545546363072122,0.17551875909805664,1.125,0.4209586123115817,0.5622395833333333,1.6458333333333333,7.706899306106421e-05,0.0004624139583663852,***,False
B4_SR,0,96,2.6979166666666665,2.8958333333333335,0.2057931765288829,0.22481920936740438,-0.19791666666666666,-0.06542962377508933,-0.8020833333333334,0.3854166666666667,0.7160406568537043,1.0,,False
B4_SR,1,96,2.2708333333333335,2.4895833333333335,0.18165851824635693,0.21202593749943574,-0.21875,-0.0877474271248156,-0.6875,0.2604166666666667,0.2768478914111786,1.0,,False
B4_SR,2,96,3.1041666666666665,2.875,0.20967768010010923,0.21523650802306962,0.22916666666666666,0.08013355055440961,-0.34375,0.7710937499999986,0.4231002736469417,1.0,,False
B4_SR,3,96,2.4270833333333335,2.6145833333333335,0.15654212458314806,0.18038080556040292,-0.1875,-0.08250651392929124,-0.6354166666666666,0.2708333333333333,0.6159796786432669,1.0,,False
B4_SR,4,96,2.6770833333333335,2.28125,0.1749027246351392,0.15296995820760065,0.3958333333333333,0.1706795239765534,-0.041666666666666664,0.8856770833333318,0.08719578569958088,0.43597892849790437,,False
B4_SR,5,96,2.7916666666666665,1.8645833333333333,0.18010515122304535,0.14174646230514326,0.9270833333333334,0.44171103595728184,0.5208333333333334,1.3333333333333333,6.395543899851288e-05,0.0003837326339910773,***,False
B5_CR,0,96,1.3645833333333333,1.2916666666666667,0.151830780449199,0.16148751151178536,0.07291666666666667,0.03712425883612541,-0.3020833333333333,0.4270833333333333,0.6823315419581789,1.0,,False
B5_CR,1,96,1.0625,1.2604166666666667,0.11161936023355165,0.13832074953332918,-0.19791666666666666,-0.11670040503287858,-0.53125,0.13541666666666666,0.2200731488931018,0.8802925955724072,,False
B5_CR,2,96,1.6354166666666667,1.5520833333333333,0.1444285409317442,0.1339921702238103,0.08333333333333333,0.04345708011020569,-0.3125,0.46875,0.7659118436654699,1.0,,False
B5_CR,3,96,1.3645833333333333,1.4270833333333333,0.09262236059012181,0.0968186852918249,-0.0625,-0.048831733049426396,-0.3125,0.1875,0.7190510325601553,1.0,,False
B5_CR,4,96,1.53125,1.2916666666666667,0.09476786620427982,0.09238158217494546,0.23958333333333334,0.2021132180084823,0.010416666666666666,0.4791666666666667,0.04367765611089577,0.21838828055447884,,False
B5_CR,5,96,1.4479166666666667,1.0625,0.10352323205939523,0.10346253241649893,0.3854166666666667,0.30005643820524147,0.1455729166666667,0.6356770833333318,0.004195797571261827,0.025174785427570963,*,False
B6_AF,0,96,0.5208333333333334,0.4166666666666667,0.0970837568697937,0.07647191129018727,0.10416666666666667,0.08612877519761605,-0.14583333333333334,0.3541666666666667,0.5177416739325601,1.0,,False
B6_AF,1,96,0.3854166666666667,0.4375,0.07158878622288199,0.07809758290843803,-0.052083333333333336,-0.04913577635231819,-0.2604166666666667,0.15625,0.6025915756175437,1.0,,False
B6_AF,2,96,0.59375,0.6041666666666666,0.08188851669597312,0.08308625652532321,-0.010416666666666666,-0.009637168648137049,-0.23958333333333334,0.19791666666666666,0.9132263910004513,1.0,,False
B6_AF,3,96,0.4791666666666667,0.6354166666666666,0.07971875820255059,0.09724245299118432,-0.15625,-0.14100282792170526,-0.3854166666666667,0.07291666666666667,0.15721785330393026,0.628871413215721,,False
B6_AF,4,96,0.90625,0.59375,0.1058363982841177,0.09775789666133947,0.3125,0.23884610838283168,0.052083333333333336,0.5833333333333334,0.025196821654402905,0.12598410827201453,,False
B6_AF,5,96,0.8645833333333334,0.3125,0.12087019250283551,0.07879645663954293,0.5520833333333334,0.3886069375981849,0.2708333333333333,0.84375,0.00041832910608143037,0.002509974636488582,**,False
B2_Persuade,0,96,1.1666666666666667,1.0416666666666667,0.11048801898478083,0.11558078615693429,0.125,0.08561686115234689,-0.17708333333333334,0.4166666666666667,0.2821887237063746,0.9638406067317011,,False
B2_Persuade,1,96,1.3020833333333333,1.3333333333333333,0.1099439566829897,0.12091270835166863,-0.03125,-0.019958194601020114,-0.3645833333333333,0.2708333333333333,0.9242596626900399,1.0,,False
B2_Persuade,2,96,1.4270833333333333,1.71875,0.10856398354607211,0.10952761908352278,-0.2916666666666667,-0.1743588044392237,-0.625,0.010677083333331911,0.08804293536181905,0.44021467680909526,,False
B2_Persuade,3,96,1.8020833333333333,2.28125,0.07495582275912312,0.13137525351770823,-0.4791666666666667,-0.3763975611524304,-0.71875,-0.22916666666666666,0.0004105776400211241,0.002463465840126745,**,False
B2_Persuade,4,96,2.1458333333333335,2.03125,0.09245573462742632,0.09534462537405713,0.11458333333333333,0.10292526823273153,-0.10442708333333332,0.3333333333333333,0.24096015168292528,0.9638406067317011,,False
B2_Persuade,5,96,2.125,2.0625,0.09625669263585251,0.09575702530225573,0.0625,0.05013740645292267,-0.1875,0.3020833333333333,0.5507170873563187,1.0,,False
B1_GI,0,96,1.78125,1.5520833333333333,0.16832711795890432,0.14650144576457638,0.22916666666666666,0.10965059814426116,-0.1875,0.6460937499999986,0.3840372980746829,1.0,,False
B1_GI,1,96,2.0,1.9791666666666667,0.17521916101261562,0.15316769753199094,0.020833333333333332,0.010417237802816814,-0.3854166666666667,0.4166666666666667,0.8731272793108407,1.0,,False
B1_GI,2,96,2.2916666666666665,2.3125,0.1472828960266205,0.14073156293816091,-0.020833333333333332,-0.009838683856229161,-0.4270833333333333,0.3958333333333333,0.8369245616325476,1.0,,False
B1_GI,3,96,2.6041666666666665,2.59375,0.11129142897700026,0.10427078130201833,0.010416666666666666,0.0073853594210403365,-0.25026041666666665,0.3020833333333333,0.8788032131120447,1.0,,False
B1_GI,4,96,2.9791666666666665,2.2916666666666665,0.13968885118791274,0.0796327462103741,0.6875,0.4301963595609511,0.375,1.0104166666666667,0.00011066762751230276,0.0005533381375615138,***,False
B1_GI,5,96,3.1458333333333335,2.2395833333333335,0.14047161062582314,0.08728958618715721,0.90625,0.5980341607887265,0.6041666666666666,1.1875,5.309228305875948e-07,3.185536983525569e-06,***,False
B7_Seek,0,96,0.7291666666666666,0.6354166666666666,0.193920293959546,0.13901264588653175,0.09375,0.04170055027531305,-0.3125,0.6145833333333334,0.9123940267027071,1.0,,False
B7_Seek,1,96,0.65625,0.5,0.21142173544670914,0.1404878717372541,0.15625,0.06298418735826505,-0.3020833333333333,0.6770833333333334,0.7044110469647846,1.0,,False
B7_Seek,2,96,0.5625,0.5625,0.11063265039459796,0.18004172274732477,0.0,0.0,-0.4479166666666667,0.3854166666666667,0.3460768868835291,1.0,,False
B7_Seek,3,96,0.40625,0.6145833333333334,0.08452411287848419,0.11506080740454065,-0.20833333333333334,-0.16371758884896673,-0.46875,0.03125,0.1008234115344929,0.47748060690030425,,False
B7_Seek,4,96,0.5104166666666666,0.3541666666666667,0.08506291746055143,0.07691868380392801,0.15625,0.17394343561432352,-0.020833333333333332,0.3333333333333333,0.09549612138006085,0.47748060690030425,,False
B7_Seek,5,96,0.75,0.22916666666666666,0.2341464528954235,0.06535860368783435,0.5208333333333334,0.2160764453166492,0.125,1.0729166666666667,0.012320005200014894,0.07392003120008936,,False
