arm,method,K,train_iter,eval_iter,agreement,ci_lo,ci_hi,n_pairs,n_convs,n_bins,agr_12-20,lo_12-20,hi_12-20,pairs_12-20,agr_22-34,lo_22-34,hi_22-34,pairs_22-34,agr_36-50,lo_36-50,hi_36-50,pairs_36-50,agreement_heldout,ci_lo_heldout,ci_hi_heldout,n_pairs_heldout
PTO_LA0,PTO,0,1,0,0.8090868397493286,0.7561452549976007,0.8550585604847456,26808,87,19,0.8316838005235936,0.784596218318991,0.8697152640761284,15661,0.7796736828994894,0.7004217170850017,0.8464002655144355,8029,0.7713277742142399,0.6541050100992359,0.8688269626257424,3118,0.7450608197102347,0.6807045339086538,0.8016842320389679,25814
PTO_LA0,PTO,0,2,1,0.8091962346125996,0.7455892587561643,0.8661372411789514,19334,84,19,0.8478346924234027,0.7996281198302102,0.8896897672042919,12631,0.7576804217415015,0.671447429440218,0.834686684782569,5501,0.6389351081530782,0.4790638381124965,0.764112627986348,1202,0.7626459143968871,0.7032087826627569,0.8212822908770055,19275
PTO_LA0,PTO,0,3,2,0.8075949367088607,0.7554230857601775,0.854721713008321,20935,87,19,0.827673041584428,0.7839115909521704,0.8653695291899176,14693,0.7580613640805159,0.6686573936631605,0.8349281773531588,5117,0.7706666666666667,0.5804720202687816,0.903927479338843,1125,0.7989995235826584,0.7583620948001268,0.8346946510012067,20990
PTO_LA0,PTO,0,4,3,0.8211666323942697,0.7784714421192884,0.8627688700204479,14589,76,19,0.8393782383419689,0.7994373623837884,0.8746489689912322,10229,0.7818230135530162,0.7119085674477267,0.8505191835506508,3763,0.7571189279731994,0.5625909829857199,0.9006202441344324,597,0.7867417560048854,0.7339051084254052,0.8366773805603146,14738
PTO_LA0,PTO,0,5,4,0.839341163764007,0.7887999791262659,0.8777963331025807,14814,83,19,0.8428486343912193,0.7970864316032314,0.8795677181992649,11753,0.8231488138030194,0.7376794973161841,0.8872820684953304,2782,0.8530465949820788,0.7073065601345668,0.9605355042634519,279,0.7737934753302778,0.7286801701173965,0.8162316434502959,14836
PTO_LA0,PTO,0,6,5,0.8678144359602363,0.8268497154111618,0.9001201096954994,13882,84,19,0.8889400921658986,0.8606216728299139,0.9123372101765107,10850,0.8058540200074101,0.7133232101804263,0.8791253880211062,2699,0.6816816816816816,0.4847962382445141,0.8528834970276555,333,0.7962976198985062,0.7557065993699355,0.835329020526546,13991
PTO_LA0,PTO,0,7,6,0.8774802876700459,0.8472374614090584,0.904434247915567,11541,85,19,0.8874986966948181,0.858135886113983,0.9108429840723069,9591,0.8265486725663717,0.7432272959478203,0.8964353015075376,1695,0.8392156862745098,0.5626079748713027,1.0,255,0.8225737494655836,0.7793363461516082,0.8604477470895382,11695
PTO_LA0,PTO,0,8,7,0.8685251798561151,0.8218771535510566,0.9073591640067269,11120,84,19,0.8722443273470266,0.8293243752122887,0.908151868183194,9299,0.8397097625329816,0.7432994066554669,0.9190679274762008,1516,0.898360655737705,0.7781163194444444,0.9852959110473458,305,0.8029003448580776,0.7527497018437797,0.8469362697222133,11309
PTO_LA0,PTO,0,9,8,0.8676974162083636,0.823603849825803,0.9032138135665262,9637,88,19,0.8705758673052214,0.8278797781531514,0.9038681523362767,8561,0.8437832093517534,0.7249197990273786,0.9377359175377468,941,0.8518518518518519,0.5291795665634675,1.0,135,0.7745700245700246,0.711423231441569,0.832944634463588,9768
PTO_LA0,PTO,0,10,9,0.8774985388661601,0.8331184099637757,0.9208322185003311,8555,82,19,0.8826132222800624,0.8404983186159046,0.9209347202691638,7684,0.83125,0.6846610181240123,0.9371343718944994,800,0.8450704225352113,0.0,1.0,71,0.8160732923576481,0.7691167683898832,0.8571066639675415,8623
PTO_LA5,PTO,5,1,0,0.8050364269876465,0.7525538899475183,0.8538984078211428,25256,85,19,0.8157912572009488,0.7654125387199953,0.8607453566821328,14755,0.7921611322808928,0.728040290959945,0.8479538138357746,9185,0.7743161094224924,0.6107203972498091,0.8914589783281733,1316,0.7378920802788126,0.6826823502193847,0.8001869322083698,24963
PTO_LA5,PTO,5,2,1,0.8525339304482932,0.8109973690902998,0.8884081262039186,21883,83,19,0.8703098918644314,0.839386058058291,0.8989831958128958,13779,0.8257828644094739,0.7652081370646829,0.8775835282965326,6291,0.8102592388306674,0.679957894432226,0.899695154932259,1813,0.812360594795539,0.7585285152470322,0.8626441145048511,21520
PTO_LA5,PTO,5,3,2,0.8213034337771549,0.773535075953738,0.8649961885309506,22832,87,19,0.8358228174092197,0.7888775236099598,0.874195743971806,15532,0.7949003984063745,0.7282407632954265,0.8589584779623464,6275,0.7629268292682927,0.6289159660609818,0.8691409307214634,1025,0.7503737578049424,0.6975413742518375,0.7969917039318299,22742
PTO_LA5,PTO,5,4,3,0.8655054069805089,0.8268817421732447,0.900330147346036,15443,85,19,0.8757185652983565,0.841175625073144,0.9088193944310685,12351,0.8207282913165266,0.7447918175129189,0.8857908555635665,2856,0.8728813559322034,0.6623332748332749,0.987957154060027,236,0.7914441942746864,0.7372665341951177,0.8393151606133161,15545
PTO_LA5,PTO,5,5,4,0.8924129810876444,0.8607788002075336,0.9191845561572523,13589,85,11,0.8991918686994917,0.8712859702837148,0.9228178710024716,12003,0.8411097099621689,0.7440027850182107,0.9187087604571698,1586,,,,0,0.8088827101778006,0.7621446524059488,0.8505196084209794,13667
PTO_LA5,PTO,5,6,5,0.8875954668637596,0.8530719398388741,0.9171957052493778,16236,88,19,0.8997883425594269,0.8719827857221566,0.9239229366102649,12284,0.8529239766081871,0.7787828947742266,0.9132172938763526,3420,0.8289473684210527,0.6623559858480582,0.931390305151815,532,0.8539374459142045,0.8172568921616299,0.8870955986512951,16178
PTO_LA5,PTO,5,7,6,0.8667365711834517,0.8263273010684771,0.8996819176199081,20981,91,19,0.8799023028611305,0.846900461768819,0.907847657818473,14330,0.8377489847224908,0.777114156986161,0.8926458595124402,5171,0.8405405405405405,0.74288384751978,0.9190887524094712,1480,0.808189349112426,0.7610212005171129,0.8471953457886274,21125
PTO_LA5,PTO,5,8,7,0.8994482603310437,0.8659527608984491,0.9264830005702859,17762,87,19,0.9075997362347511,0.8778388751403025,0.9334188162175214,12132,0.8741345202769535,0.8153394392032427,0.9226788130519298,4044,0.9016393442622951,0.8501521139705882,0.9488322768600332,1586,0.8291269708618865,0.7791973371138552,0.8743542208368276,17949
PTO_LA5,PTO,5,9,8,0.8791680068617991,0.8290514795696696,0.9184891340240806,18654,92,19,0.9054577989859827,0.874848631166813,0.9309659772452202,13412,0.8301986754966887,0.7334316186127119,0.9036285820992538,3775,0.7648261758691206,0.6008617331497577,0.892999058229792,1467,0.8067643142476698,0.7557336414779136,0.8494698164418362,18775
PTO_LA5,PTO,5,10,9,0.8952172632818743,0.851001878678767,0.9319448585063485,23773,90,19,0.914569631112382,0.8813039447996496,0.9422668955120361,13988,0.8883113421298148,0.8357210469088922,0.9351509024708385,7503,0.7992988606485539,0.6675814130903555,0.9039093381525979,2282,0.7833333333333333,0.7192330549165921,0.8354468397542839,24300
GRPO_LA0,GRPO,0,1,0,0.8949562823834197,0.8682231011486983,0.9184034831974451,24704,89,20,0.8752733822205069,0.8415192975742903,0.9045344075154088,15546,0.91640625,0.882885340762783,0.9440070908673435,6400,0.9561276287164612,0.9165657686805286,0.9843110610519464,2758,0.7983749132334327,0.751235283613068,0.8459648304102648,24491
GRPO_LA0,GRPO,0,2,1,0.8868349864743011,0.8577647778424409,0.91062588754011,19962,87,20,0.8719792865362486,0.8364493320070004,0.8994275973185156,13904,0.9131971720345641,0.8821236637001019,0.9380097994593402,5092,0.9616977225672878,0.9213883696567591,0.9917541802352068,966,0.8383553360878766,0.8049811490455737,0.8677702369113484,19846
GRPO_LA0,GRPO,0,3,2,0.8998284847285442,0.8733027124442821,0.9212780342058122,30318,93,20,0.8839068474104971,0.8512724600121238,0.9099528299868803,17262,0.9165349664164362,0.8839763920909903,0.9433361692453948,10124,0.9358799454297408,0.8903134154396469,0.969751668108923,2932,0.8257769892897037,0.7902698124050237,0.8586408262908678,30438
GRPO_LA0,GRPO,0,4,3,0.9022764684626812,0.8805649627479951,0.9197636975342671,24907,93,20,0.8960419091967404,0.8738106074686564,0.9142504222079992,17180,0.9195964990357514,0.8891146077555317,0.9444716334576283,6741,0.8924949290060852,0.8105250032812705,0.9511113963869255,986,0.8062179053381633,0.7595382930178051,0.8473955305190068,25121
GRPO_LA0,GRPO,0,5,4,0.8979393328049571,0.8671117827996516,0.9199979802340043,27758,95,20,0.8965960931103053,0.8649068129913786,0.921294746530418,17098,0.8959489456159823,0.8556323645262399,0.9275401058984825,7208,0.9087485515643106,0.8605145477298503,0.9473005741571215,3452,0.7115629420084866,0.6679376179044095,0.7617194104690522,28280
GRPO_LA0,GRPO,0,6,5,0.8907486747512889,0.8613493837201992,0.9172879189257298,27542,94,20,0.8914303141201586,0.8597209656950003,0.9175207566364388,16395,0.8863366336633663,0.8455119009152607,0.9240701104149321,7575,0.896976483762598,0.8508174673553843,0.9378474837842252,3572,0.7187679494543366,0.6622108592700713,0.7724341194036038,27856
GRPO_LA0,GRPO,0,7,6,0.8475837639335738,0.801821915451338,0.8897057954184506,30771,95,20,0.8493542920586689,0.8072228320605099,0.8865385334726883,17113,0.8347026364193746,0.7657540820059632,0.8929691734474483,8155,0.8611666363801562,0.7868747829267752,0.9231763908926681,5503,0.6297908275951669,0.5697900071020068,0.695496342542659,30788
GRPO_LA0,GRPO,0,8,7,0.8360165205664194,0.7868533745802195,0.8802567899071008,23728,95,20,0.8388719714020919,0.787609341258975,0.883847631099578,15106,0.8154379878577623,0.7512329114038364,0.8711885632839786,5765,0.8624431221561079,0.7854037602247053,0.9212568524983306,2857,0.712395513924476,0.6425735911523891,0.785332780787456,23807
GRPO_LA0,GRPO,0,9,8,0.8794794080941344,0.842807141372349,0.915036557937709,16827,94,20,0.8877235342941221,0.8525279203205659,0.9182171338862257,13253,0.8368228647391159,0.7630308625164205,0.9041576532112404,3009,0.9132743362831859,0.8064907137768241,0.9815937859608745,565,0.8235569879871081,0.7745302189573393,0.8637457534211483,17065
GRPO_LA0,GRPO,0,10,9,0.8292844816142307,0.7901617991754843,0.8610129705079533,45198,96,20,0.8228164785678546,0.7824227610447596,0.8573249257817254,17987,0.822765679741705,0.7798473356156794,0.8568584549887874,14557,0.8459775565038723,0.7975177839422518,0.8827882696058119,12654,0.6985116426135466,0.6438213039731143,0.7465987134895724,44277
GRPO_LA5,GRPO,5,1,0,0.8797465733570748,0.8485197680471167,0.9084892360434437,24149,88,20,0.8634054194893174,0.8295021125646627,0.8945224314119121,15352,0.8997584541062802,0.8577238171783771,0.9331685048451898,6624,0.9341923607915325,0.893600430939136,0.9663104675745108,2173,0.8128447267257228,0.7746337421932901,0.847501707104326,23932
GRPO_LA5,GRPO,5,2,1,0.8991514221141955,0.8674259045148731,0.9248173872690458,23451,86,20,0.8837175688371757,0.8449128651528783,0.9138871923628086,13837,0.9075618171362853,0.8681627299400364,0.936074409625614,6956,0.9574868322046651,0.9102898900880999,0.9869368171536999,2658,0.8072749109938661,0.7494188486812083,0.8531126387107106,23313
GRPO_LA5,GRPO,5,3,2,0.8644567353176624,0.8205467578582015,0.9037683029638487,27482,91,20,0.8646028037383178,0.8204041057738717,0.9032717903946252,17120,0.8645846503982805,0.8082393797046221,0.9125431413981335,7909,0.8630248675091724,0.7796271022739203,0.9251528760166782,2453,0.7947401012639784,0.7557167583520864,0.8335648603028109,27453
GRPO_LA5,GRPO,5,4,3,0.9002896000586532,0.8763634563102026,0.9215385947270928,27279,94,20,0.8958887411347518,0.8717105335673325,0.9155210789490621,18048,0.901451591423625,0.8568534707408858,0.936681010396425,7509,0.9413472706155633,0.897148029887656,0.9790637332375862,1722,0.8305987019616422,0.7844134595299722,0.8668927855841596,27426
GRPO_LA5,GRPO,5,5,4,0.9087717698550196,0.8867957085147307,0.9278957493178638,21934,94,20,0.9090640335836339,0.8868478217389847,0.9284407610035151,16913,0.9137158225011206,0.8808465194213247,0.9378994617931476,4462,0.8604651162790697,0.7441669216646267,0.9585836385836386,559,0.8059977452085683,0.7477298670539555,0.8499757777111929,22175
