arm,train_iter,eval_iter,n_convs,n_pairs,agreement [CI],agr 12-20 [CI],agr 22-34 [CI],agr 36-50 [CI],agreement_heldout [CI]
PTO_LA0,1,0,87,26808,"0.809 [0.756, 0.855]","0.832 [0.785, 0.870]","0.780 [0.700, 0.846]","0.771 [0.654, 0.869]","0.745 [0.681, 0.802]"
PTO_LA0,2,1,84,19334,"0.809 [0.746, 0.866]","0.848 [0.800, 0.890]","0.758 [0.671, 0.835]","0.639 [0.479, 0.764]","0.763 [0.703, 0.821]"
PTO_LA0,3,2,87,20935,"0.808 [0.755, 0.855]","0.828 [0.784, 0.865]","0.758 [0.669, 0.835]","0.771 [0.580, 0.904]","0.799 [0.758, 0.835]"
PTO_LA0,4,3,76,14589,"0.821 [0.778, 0.863]","0.839 [0.799, 0.875]","0.782 [0.712, 0.851]","0.757 [0.563, 0.901]","0.787 [0.734, 0.837]"
PTO_LA0,5,4,83,14814,"0.839 [0.789, 0.878]","0.843 [0.797, 0.880]","0.823 [0.738, 0.887]","0.853 [0.707, 0.961]","0.774 [0.729, 0.816]"
PTO_LA0,6,5,84,13882,"0.868 [0.827, 0.900]","0.889 [0.861, 0.912]","0.806 [0.713, 0.879]","0.682 [0.485, 0.853]","0.796 [0.756, 0.835]"
PTO_LA0,7,6,85,11541,"0.877 [0.847, 0.904]","0.887 [0.858, 0.911]","0.827 [0.743, 0.896]","0.839 [0.563, 1.000]","0.823 [0.779, 0.860]"
PTO_LA0,8,7,84,11120,"0.869 [0.822, 0.907]","0.872 [0.829, 0.908]","0.840 [0.743, 0.919]","0.898 [0.778, 0.985]","0.803 [0.753, 0.847]"
PTO_LA0,9,8,88,9637,"0.868 [0.824, 0.903]","0.871 [0.828, 0.904]","0.844 [0.725, 0.938]","0.852 [0.529, 1.000]","0.775 [0.711, 0.833]"
PTO_LA0,10,9,82,8555,"0.877 [0.833, 0.921]","0.883 [0.840, 0.921]","0.831 [0.685, 0.937]","0.845 [0.000, 1.000]","0.816 [0.769, 0.857]"
PTO_LA5,1,0,85,25256,"0.805 [0.753, 0.854]","0.816 [0.765, 0.861]","0.792 [0.728, 0.848]","0.774 [0.611, 0.891]","0.738 [0.683, 0.800]"
PTO_LA5,2,1,83,21883,"0.853 [0.811, 0.888]","0.870 [0.839, 0.899]","0.826 [0.765, 0.878]","0.810 [0.680, 0.900]","0.812 [0.759, 0.863]"
PTO_LA5,3,2,87,22832,"0.821 [0.774, 0.865]","0.836 [0.789, 0.874]","0.795 [0.728, 0.859]","0.763 [0.629, 0.869]","0.750 [0.698, 0.797]"
PTO_LA5,4,3,85,15443,"0.866 [0.827, 0.900]","0.876 [0.841, 0.909]","0.821 [0.745, 0.886]","0.873 [0.662, 0.988]","0.791 [0.737, 0.839]"
PTO_LA5,5,4,85,13589,"0.892 [0.861, 0.919]","0.899 [0.871, 0.923]","0.841 [0.744, 0.919]",,"0.809 [0.762, 0.851]"
PTO_LA5,6,5,88,16236,"0.888 [0.853, 0.917]","0.900 [0.872, 0.924]","0.853 [0.779, 0.913]","0.829 [0.662, 0.931]","0.854 [0.817, 0.887]"
PTO_LA5,7,6,91,20981,"0.867 [0.826, 0.900]","0.880 [0.847, 0.908]","0.838 [0.777, 0.893]","0.841 [0.743, 0.919]","0.808 [0.761, 0.847]"
PTO_LA5,8,7,87,17762,"0.899 [0.866, 0.926]","0.908 [0.878, 0.933]","0.874 [0.815, 0.923]","0.902 [0.850, 0.949]","0.829 [0.779, 0.874]"
PTO_LA5,9,8,92,18654,"0.879 [0.829, 0.918]","0.905 [0.875, 0.931]","0.830 [0.733, 0.904]","0.765 [0.601, 0.893]","0.807 [0.756, 0.849]"
PTO_LA5,10,9,90,23773,"0.895 [0.851, 0.932]","0.915 [0.881, 0.942]","0.888 [0.836, 0.935]","0.799 [0.668, 0.904]","0.783 [0.719, 0.835]"
GRPO_LA0,1,0,89,24704,"0.895 [0.868, 0.918]","0.875 [0.842, 0.905]","0.916 [0.883, 0.944]","0.956 [0.917, 0.984]","0.798 [0.751, 0.846]"
GRPO_LA0,2,1,87,19962,"0.887 [0.858, 0.911]","0.872 [0.836, 0.899]","0.913 [0.882, 0.938]","0.962 [0.921, 0.992]","0.838 [0.805, 0.868]"
GRPO_LA0,3,2,93,30318,"0.900 [0.873, 0.921]","0.884 [0.851, 0.910]","0.917 [0.884, 0.943]","0.936 [0.890, 0.970]","0.826 [0.790, 0.859]"
GRPO_LA0,4,3,93,24907,"0.902 [0.881, 0.920]","0.896 [0.874, 0.914]","0.920 [0.889, 0.944]","0.892 [0.811, 0.951]","0.806 [0.760, 0.847]"
GRPO_LA0,5,4,95,27758,"0.898 [0.867, 0.920]","0.897 [0.865, 0.921]","0.896 [0.856, 0.928]","0.909 [0.861, 0.947]","0.712 [0.668, 0.762]"
GRPO_LA0,6,5,94,27542,"0.891 [0.861, 0.917]","0.891 [0.860, 0.918]","0.886 [0.846, 0.924]","0.897 [0.851, 0.938]","0.719 [0.662, 0.772]"
GRPO_LA0,7,6,95,30771,"0.848 [0.802, 0.890]","0.849 [0.807, 0.887]","0.835 [0.766, 0.893]","0.861 [0.787, 0.923]","0.630 [0.570, 0.695]"
GRPO_LA0,8,7,95,23728,"0.836 [0.787, 0.880]","0.839 [0.788, 0.884]","0.815 [0.751, 0.871]","0.862 [0.785, 0.921]","0.712 [0.643, 0.785]"
GRPO_LA0,9,8,94,16827,"0.879 [0.843, 0.915]","0.888 [0.853, 0.918]","0.837 [0.763, 0.904]","0.913 [0.806, 0.982]","0.824 [0.775, 0.864]"
GRPO_LA0,10,9,96,45198,"0.829 [0.790, 0.861]","0.823 [0.782, 0.857]","0.823 [0.780, 0.857]","0.846 [0.798, 0.883]","0.699 [0.644, 0.747]"
GRPO_LA5,1,0,88,24149,"0.880 [0.849, 0.908]","0.863 [0.830, 0.895]","0.900 [0.858, 0.933]","0.934 [0.894, 0.966]","0.813 [0.775, 0.848]"
GRPO_LA5,2,1,86,23451,"0.899 [0.867, 0.925]","0.884 [0.845, 0.914]","0.908 [0.868, 0.936]","0.957 [0.910, 0.987]","0.807 [0.749, 0.853]"
GRPO_LA5,3,2,91,27482,"0.864 [0.821, 0.904]","0.865 [0.820, 0.903]","0.865 [0.808, 0.913]","0.863 [0.780, 0.925]","0.795 [0.756, 0.834]"
GRPO_LA5,4,3,94,27279,"0.900 [0.876, 0.922]","0.896 [0.872, 0.916]","0.901 [0.857, 0.937]","0.941 [0.897, 0.979]","0.831 [0.784, 0.867]"
GRPO_LA5,5,4,94,21934,"0.909 [0.887, 0.928]","0.909 [0.887, 0.928]","0.914 [0.881, 0.938]","0.860 [0.744, 0.959]","0.806 [0.748, 0.850]"
