arm,method,K,train_iter,policy_iteration,n_groups,n_candidates,w_len,w_len_se,w_len_over_se,w_overpraise,w_overpraise_se,w_affirm,w_affirm_se,w_question,w_question_se,pool_len,pool_len_se,pool_overpraise,pool_affirm,pool_question
PTO_LA0,PTO,0,1,0,782,6244,-7.926,7.424,-1.0676185344827587,0.001,0.002,0.008,0.009,-0.077,0.043,286.89,2.421,0.002,0.044,0.668
PTO_LA0,PTO,0,2,1,618,4936,3.671,9.504,0.3862584175084175,0.005,0.003,-0.002,0.012,-0.002,0.047,318.41,2.897,0.002,0.04,0.6
PTO_LA0,PTO,0,3,2,620,4947,8.248,11.153,0.739531964493858,0.002,0.004,0.0,0.012,0.006,0.041,341.779,3.282,0.005,0.039,0.558
PTO_LA0,PTO,0,4,3,536,4283,-21.73,12.817,-1.6954045408441913,-0.007,0.005,0.017,0.013,-0.073,0.052,402.873,3.972,0.007,0.043,0.522
PTO_LA0,PTO,0,5,4,483,3856,6.623,15.764,0.42013448363359557,0.002,0.005,0.008,0.016,-0.029,0.073,547.307,5.016,0.006,0.066,0.488
PTO_LA0,PTO,0,6,5,475,3795,-6.267,15.349,-0.40830021499771973,-0.011,0.01,0.011,0.02,-0.19,0.073,598.827,5.104,0.027,0.109,0.509
PTO_LA0,PTO,0,7,6,400,3194,-11.1,15.017,-0.739162282746221,0.062,0.017,0.05,0.025,-0.043,0.061,744.489,5.013,0.07,0.199,0.328
PTO_LA0,PTO,0,8,7,379,3023,2.38,15.109,0.15752200675094313,0.034,0.021,0.103,0.029,0.013,0.067,702.847,5.453,0.111,0.26,0.341
PTO_LA0,PTO,0,9,8,361,2881,-3.125,16.603,-0.18821899656688548,0.083,0.025,0.072,0.032,-0.133,0.066,822.677,4.809,0.154,0.353,0.336
PTO_LA0,PTO,0,10,9,281,2237,23.392,14.639,1.5979233554204522,-0.039,0.033,0.039,0.038,0.011,0.052,857.15,4.082,0.318,0.571,0.272
PTO_LA5,PTO,5,1,0,832,6634,49.48,7.598,6.512240063174519,0.001,0.003,0.022,0.011,0.069,0.035,311.158,2.663,0.004,0.053,0.6
PTO_LA5,PTO,5,2,1,778,6215,45.147,8.644,5.222929199444701,0.0,0.003,0.013,0.01,-0.004,0.04,360.49,2.91,0.003,0.05,0.589
PTO_LA5,PTO,5,3,2,768,6139,58.868,9.037,6.514108664379772,0.008,0.004,0.008,0.01,0.099,0.042,451.522,3.337,0.006,0.054,0.585
PTO_LA5,PTO,5,4,3,563,4501,29.085,11.452,2.5397310513447433,0.005,0.006,0.023,0.015,-0.055,0.049,565.182,3.968,0.014,0.066,0.55
PTO_LA5,PTO,5,5,4,432,3132,32.449,13.922,2.3307714408849303,0.0,0.007,0.021,0.017,-0.102,0.067,629.564,4.889,0.011,0.072,0.503
PTO_LA5,PTO,5,6,5,568,4536,28.301,10.93,2.5892955169258918,0.004,0.007,-0.021,0.015,0.076,0.039,748.868,3.792,0.015,0.074,0.463
PTO_LA5,PTO,5,7,6,689,5501,53.788,9.319,5.771863933898486,-0.004,0.006,0.016,0.013,-0.042,0.05,834.795,3.113,0.017,0.07,0.503
PTO_LA5,PTO,5,8,7,565,4517,20.0,8.756,2.284148012791229,0.025,0.012,-0.005,0.017,0.039,0.035,948.462,2.595,0.043,0.087,0.269
PTO_LA5,PTO,5,9,8,604,4825,26.704,8.184,3.2629521016617793,0.003,0.011,-0.01,0.016,0.023,0.035,966.754,2.565,0.045,0.078,0.308
PTO_LA5,PTO,5,10,9,617,4932,7.016,7.336,0.9563794983642312,-0.002,0.014,-0.023,0.016,0.047,0.039,1004.902,2.163,0.065,0.087,0.323
GRPO_LA0,GRPO,0,1,0,1660,13280,-141.7,6.814,-20.795421191664218,-0.003,0.001,-0.006,0.004,0.03,0.022,316.885,2.33,0.003,0.021,0.71
GRPO_LA0,GRPO,0,2,1,729,5832,-92.83,8.823,-10.521364615210246,-0.004,0.002,-0.006,0.005,0.005,0.027,293.986,3.191,0.003,0.026,0.603
GRPO_LA0,GRPO,0,3,2,1858,14864,-40.365,5.123,-7.879172359945344,-0.0,0.001,0.002,0.003,-0.026,0.016,274.415,1.696,0.003,0.02,0.681
GRPO_LA0,GRPO,0,4,3,1539,12312,-49.093,5.573,-8.809079490400144,0.004,0.003,0.008,0.004,-0.061,0.017,362.579,2.121,0.012,0.024,0.4
GRPO_LA0,GRPO,0,5,4,1789,14312,-5.148,5.75,-0.8953043478260869,0.016,0.003,0.012,0.004,-0.036,0.013,366.727,2.355,0.024,0.035,0.171
GRPO_LA0,GRPO,0,6,5,1299,10392,-14.282,7.941,-1.7985140410527642,0.014,0.004,0.016,0.006,-0.019,0.013,412.778,3.413,0.034,0.057,0.09
GRPO_LA0,GRPO,0,7,6,1965,15720,33.881,7.335,4.619086571233811,0.022,0.004,0.026,0.006,-0.032,0.013,471.091,2.948,0.047,0.089,0.059
GRPO_LA0,GRPO,0,8,7,1203,9624,70.99,9.123,7.781431546640359,0.073,0.009,0.074,0.011,0.021,0.013,714.412,3.678,0.175,0.244,0.086
GRPO_LA0,GRPO,0,9,8,1200,9600,-112.37,8.809,-12.756271994551028,0.012,0.009,-0.015,0.011,0.0,0.012,774.609,3.63,0.186,0.263,0.088
GRPO_LA0,GRPO,0,10,9,2484,19872,77.349,3.827,20.211392735824408,0.041,0.006,0.086,0.008,-0.01,0.006,888.038,1.769,0.741,0.538,0.063
GRPO_LA5,GRPO,5,1,0,846,6768,-39.799,7.655,-5.199085564990202,0.002,0.002,0.001,0.005,0.012,0.024,327.041,3.234,0.003,0.042,0.665
GRPO_LA5,GRPO,5,2,1,1154,9232,-40.235,7.055,-5.7030474840538625,0.001,0.001,-0.003,0.004,-0.06,0.034,323.574,2.79,0.003,0.029,0.791
GRPO_LA5,GRPO,5,3,2,1771,14168,-18.298,5.435,-3.3666973321067157,-0.003,0.001,0.003,0.004,0.007,0.018,353.699,2.075,0.003,0.039,0.675
GRPO_LA5,GRPO,5,4,3,1684,13472,-0.892,4.905,-0.181855249745158,0.002,0.002,0.003,0.004,-0.027,0.02,461.455,2.214,0.006,0.033,0.624
GRPO_LA5,GRPO,5,5,4,1396,11168,10.778,5.123,2.1038454030841303,0.005,0.003,0.004,0.005,-0.018,0.02,585.004,2.38,0.012,0.046,0.598
