arm,train_iter,realized_turns,n,dev_mean,dev_lo,dev_hi,score_mean,p_chosen
PTO_LA5,1,0,47,-0.050204720185946766,-0.09424625648131597,-0.007884219113177209,3.3409261576971216,0.0425531914893617
PTO_LA5,1,1,671,-0.012499185963506096,-0.021948117697153352,-0.0027980375458678173,3.805365126676602,0.10283159463487332
PTO_LA5,1,2,40,-0.00757878151260506,-0.0734344800420168,0.05250873161764704,2.8338235294117644,0.125
PTO_LA5,1,3,697,-0.010303803013314334,-0.019801976457727962,0.0003890648798974749,3.659321461726728,0.10473457675753228
PTO_LA5,1,4,37,-0.11868044515103338,-0.17666285771065188,-0.06128577106518275,2.699841017488077,0.05405405405405406
PTO_LA5,1,5,5605,0.004036155943197977,-0.00023971569002265793,0.008404703808374372,3.190447604554757,0.13184656556645852
PTO_LA5,2,0,16,-0.10850183823529407,-0.2087833180147059,-0.02971737132352944,3.2963235294117648,0.0625
PTO_LA5,2,1,652,-0.009116905964839897,-0.019119689094963113,-0.0009744902562251702,3.920299530855287,0.10276073619631902
PTO_LA5,2,2,27,-0.09433551198257074,-0.13851239106753804,-0.05237132352941172,3.022222222222222,0.0
PTO_LA5,2,3,630,-0.00067026810724288,-0.011209533813525395,0.00986634653861545,3.8806255835667596,0.11746031746031746
PTO_LA5,2,4,36,-0.0999795751633987,-0.15838848039215686,-0.05512152777777785,2.8197712418300656,0.0
PTO_LA5,2,5,5324,0.0026763419492515316,-0.0015754931292577075,0.007198013080138145,3.378398594599372,0.13054094665664914
PTO_LA5,3,0,23,-0.09069236390208262,-0.14065902447935702,-0.04232656649616373,3.3276214833759594,0.0
PTO_LA5,3,1,622,-0.016910075927477102,-0.025662106683509413,-0.00699838637223379,3.9892093815017966,0.1045016077170418
PTO_LA5,3,2,24,-0.0890318627450981,-0.13677542892156866,-0.0367853860294119,3.0147058823529416,0.125
PTO_LA5,3,3,721,-0.005775562652245354,-0.015561799962703508,0.0036512954696441666,3.9073753773354007,0.11234396671289876
PTO_LA5,3,4,42,-0.1122198879551821,-0.1801356792717087,-0.05706582633053223,2.800700280112045,0.0
PTO_LA5,3,5,5090,0.004640112430040772,-0.0006062503095540851,0.00994913304221491,3.467789206055704,0.13104125736738703
PTO_LA5,4,0,18,-0.06254084967320263,-0.12984681372549028,-0.005968137254901923,3.830065359477125,0.05555555555555555
PTO_LA5,4,1,643,-0.009788020962661908,-0.01637311806526656,-0.0030166907353921446,4.177696459610283,0.09642301710730948
PTO_LA5,4,2,13,-0.159898190045249,-0.2103803733031675,-0.10307126696832604,3.652941176470588,0.0
PTO_LA5,4,3,607,-0.005177861919067467,-0.015690318137139538,0.004954240963271622,4.089378815776723,0.1301482701812191
PTO_LA5,4,4,17,-0.011115916955017327,-0.13934039792387534,0.10679714532871981,3.6802768166089965,0.11764705882352941
PTO_LA5,4,5,3601,0.0035629108627622053,-0.001959379280732014,0.009406673041335389,3.6701569825375304,0.130241599555679
PTO_LA5,5,0,95,-0.05342075777679496,-0.08197737358101138,-0.028449012236473573,3.5575232198142412,0.10526315789473684
PTO_LA5,5,1,501,-0.008794693526113046,-0.017662841334138455,-0.0006439659197012403,4.243935658095573,0.1157684630738523
PTO_LA5,5,2,71,-0.03363701818755667,-0.06211850021698813,-0.004961612814139713,3.310356255178127,0.16901408450704225
PTO_LA5,5,3,460,0.007901260504201665,-0.0020892050298380524,0.017705466751918145,4.191329923273657,0.1282608695652174
PTO_LA5,5,4,59,-0.0307604567250629,-0.07491883575464081,0.011177378578550083,3.4463609172482554,0.1016949152542373
PTO_LA5,5,5,2165,0.004641860901404447,-0.002712631969646974,0.011873449760966739,3.7535036000543407,0.1491916859122402
PTO_LA5,6,0,6,-0.07242647058823515,-0.15749387254901956,0.011029411764706065,3.876470588235294,0.0
PTO_LA5,6,1,666,-0.007945024856789572,-0.015706013261160334,-0.00024156903752492844,4.104707648825296,0.1036036036036036
PTO_LA5,6,2,12,-0.14730392156862748,-0.2057444852941175,-0.08534007352941188,3.6181372549019604,0.08333333333333333
PTO_LA5,6,3,696,-0.006138468318361837,-0.01370782472471747,0.0005771726794165741,4.114283299526708,0.10775862068965517
PTO_LA5,6,4,17,-0.09221453287197241,-0.14311526816609002,-0.047281574394463705,3.7588235294117647,0.0
PTO_LA5,6,5,3892,0.0034259027351947993,-0.0013361434951678509,0.008557036573622253,3.8655431956955444,0.13309352517985612
PTO_LA5,7,0,27,-0.09707697893972417,-0.16661356209150335,-0.029765568264342877,3.994989106753813,0.07407407407407407
PTO_LA5,7,1,761,-0.018507501555155563,-0.024855040406438503,-0.012378884208085335,4.255252376903455,0.08541392904073587
PTO_LA5,7,2,29,-0.07801724137931047,-0.14091024340770808,-0.015737829614604546,3.5137931034482754,0.034482758620689655
PTO_LA5,7,3,759,-0.0027158689562781727,-0.010169613794134271,0.004667744073914145,4.1666899170735485,0.12648221343873517
PTO_LA5,7,4,29,-0.06289481309765287,-0.10571808895972183,-0.021724137931034653,3.6257606490872205,0.0
PTO_LA5,7,5,4839,0.004722686760176267,0.0007577183849361114,0.008627530393227749,3.934750738485102,0.13287869394502996
PTO_LA5,8,0,26,-0.08545572074983834,-0.1366555227860375,-0.04295814479638006,3.8812217194570127,0.0
PTO_LA5,8,1,593,-0.006693461533011145,-0.012708449948276072,-0.000788262396020768,4.392788413847833,0.08768971332209106
PTO_LA5,8,2,37,-0.04872813990461049,-0.09397903418124007,-0.009676073131955494,3.487599364069952,0.13513513513513514
PTO_LA5,8,3,613,0.0006770326401360233,-0.007342741133973948,0.008030367938366244,4.343604260627579,0.10277324632952692
PTO_LA5,8,4,35,-0.06445378151260511,-0.1143230042016808,-0.024152310924369823,3.4351260504201684,0.02857142857142857
PTO_LA5,8,5,4813,0.0020433978702638442,-0.0017884121755911875,0.00589174535906198,4.137325381014654,0.13421982131726573
PTO_LA5,9,0,19,-0.03470256523662102,-0.05788727333038483,-0.011288008624502426,4.235913312693499,0.05263157894736842
PTO_LA5,9,1,578,-0.01081696519438225,-0.01807965746852374,-0.003607270979325981,4.342418074496234,0.09515570934256055
PTO_LA5,9,2,26,-0.07644230769230785,-0.1342668269230772,-0.014283795248868938,3.905656108597285,0.038461538461538464
PTO_LA5,9,3,598,-0.012227909558472222,-0.020740098296843822,-0.003014020825721596,4.268748770411174,0.1020066889632107
PTO_LA5,9,4,32,-0.1159466911764705,-0.18617819393382343,-0.050190716911764625,3.677205882352941,0.0625
PTO_LA5,9,5,4824,0.004129692921944902,0.0006237348795239597,0.00817572893585295,4.0594039605892105,0.13287728026533996
PTO_LA5,10,0,19,-0.07879256965944263,-0.13165054179566557,-0.03193982198142413,3.857894736842106,0.05263157894736842
PTO_LA5,10,1,620,-0.014220430107526844,-0.019948748249299694,-0.008007386825697979,4.388387096774194,0.08064516129032258
PTO_LA5,10,2,25,-0.08449579831932776,-0.12375220588235308,-0.03915514705882362,4.098352941176471,0.04
PTO_LA5,10,3,649,-0.010998659864562119,-0.017177635114138078,-0.005418084221361852,4.412353847548264,0.1016949152542373
PTO_LA5,10,4,35,-0.07283613445378163,-0.11334348739495818,-0.04026575630252106,4.035798319327731,0.05714285714285714
PTO_LA5,10,5,6039,0.003661784303057201,0.0006666942940448137,0.006656958962588178,4.307604492368234,0.13346580559695315
PTO_LA5,pooled,0,296,-0.06694654213036569,-0.0839785687078886,-0.052033941701680714,3.6453497615262322,0.060810810810810814
PTO_LA5,pooled,1,6307,-0.011727092612849793,-0.013932114938095094,-0.009284071980623535,4.155829657057051,0.09703504043126684
PTO_LA5,pooled,2,304,-0.06377257481940148,-0.08092924694548873,-0.04738797361049686,3.3822174922600623,0.09539473684210527
PTO_LA5,pooled,3,6430,-0.004921570805616172,-0.0077661590452666185,-0.0021605901030707724,4.09453206476992,0.11306376360808709
PTO_LA5,pooled,4,339,-0.07850900242102743,-0.0959206008362047,-0.061836432950761445,3.342581988547631,0.04424778761061947
PTO_LA5,pooled,5,46192,0.0037111635007310855,0.00248616488940571,0.005141456802456,3.7767743077487315,0.13307499134049186
GRPO_LA5,1,0,256,-0.09325310202205879,-0.15835183536305145,-0.03649399701286763,2.6669806985294118,0.0625
GRPO_LA5,1,1,438,0.014692452323395104,-0.0020010744023636912,0.03234215518399141,3.4145850120870263,0.1232876712328767
GRPO_LA5,1,2,71,-0.08288111019055507,-0.12497333264291628,-0.04454277133388568,2.1909693454846737,0.028169014084507043
GRPO_LA5,1,3,345,-0.020283461210571174,-0.040133205456095465,-0.0019333439897698183,3.437237851662404,0.10144927536231885
GRPO_LA5,1,4,55,-0.1674197860962567,-0.2340180481283422,-0.10501303475935829,2.2168983957219255,0.03636363636363636
GRPO_LA5,1,5,5747,0.006878013080993662,0.0008361747561387564,0.012546478853417127,2.755112130113921,0.13137289020358447
GRPO_LA5,2,0,281,-0.06819133347289093,-0.10802759315469959,-0.03231833525225036,2.6870420766171237,0.07473309608540925
GRPO_LA5,2,1,689,-0.007295312900196352,-0.025460919491163653,0.00759724771621277,3.5079313583198157,0.1204644412191582
GRPO_LA5,2,2,90,-0.07059640522875815,-0.10435559640522875,-0.04145669934640523,2.1010457516339867,0.05555555555555555
GRPO_LA5,2,3,495,0.002101901366607267,-0.013161838978015435,0.016458890374331563,3.645074272133096,0.1111111111111111
GRPO_LA5,2,4,88,-0.07520053475935827,-0.11712692179144382,-0.030701244986631016,2.0832887700534757,0.056818181818181816
GRPO_LA5,2,5,7829,0.004613503339769934,-0.00020695819840262268,0.009299960835656273,3.128327560427671,0.12964618725252267
GRPO_LA5,3,0,324,-0.08360112563543938,-0.12692180691721133,-0.04860152278503996,3.006299927378359,0.05246913580246913
GRPO_LA5,3,1,1087,-0.015177363493695561,-0.023227599572487705,-0.006464534065696216,3.616039828995076,0.10487580496780129
GRPO_LA5,3,2,69,-0.05058610400682012,-0.09381047527706739,-0.01300431585677751,2.323955669224211,0.014492753623188406
GRPO_LA5,3,3,697,-0.010338425183559789,-0.02353508207443665,0.005611259388977963,3.703907502742848,0.12195121951219512
GRPO_LA5,3,4,86,-0.15013679890560877,-0.18927582079343366,-0.11136991279069772,2.188782489740082,0.023255813953488372
GRPO_LA5,3,5,12073,0.005565530279037813,0.0021452371845781283,0.008960035092890794,3.306598096871482,0.13029073138408018
GRPO_LA5,4,0,177,-0.04977567298105687,-0.06877232884679299,-0.030432348786972468,3.666400797607179,0.10734463276836158
GRPO_LA5,4,1,1464,-0.008162066055930565,-0.014607943587270968,-0.0021255851213436137,4.023055287688846,0.09289617486338798
GRPO_LA5,4,2,16,-0.06341911764705885,-0.11857306985294118,-0.012357536764705926,3.0154411764705884,0.0625
GRPO_LA5,4,3,1090,0.006745143011332989,-0.000957788046411209,0.01443726389638426,4.033130059363194,0.13027522935779817
GRPO_LA5,4,4,26,-0.04281674208144793,-0.09163673642533933,0.00999151583710408,2.737330316742082,0.038461538461538464
GRPO_LA5,4,5,10795,0.0014391194180312205,-0.0019478959485600678,0.004947315273955804,3.5415949649892378,0.12941176470588237
GRPO_LA5,5,0,167,-0.03745156745332873,-0.05765201215216633,-0.01717627245508992,3.9339908418457203,0.059880239520958084
GRPO_LA5,5,1,1667,-0.0140323405907054,-0.01873868608631217,-0.00943360960160909,4.186153357563782,0.09538092381523695
GRPO_LA5,5,2,9,-0.14035947712418295,-0.3271098856209151,-0.015191993464052256,3.8934640522875816,0.0
GRPO_LA5,5,3,980,0.0017609543817527285,-0.004876894507803091,0.008815426170468205,4.2077130852340945,0.12959183673469388
GRPO_LA5,5,4,11,0.04498663101604268,-0.09777573529411773,0.2370504679144384,3.585026737967914,0.2727272727272727
GRPO_LA5,5,5,8430,0.0034031993580350317,0.0002330851824715671,0.00656591916125881,3.8983539180796876,0.13155397390272836
GRPO_LA5,pooled,0,1205,-0.07069380034171345,-0.0922416249694899,-0.05221785757871615,3.0852916768367096,0.06887966804979254
GRPO_LA5,pooled,1,5345,-0.009435013481538551,-0.01326519768337644,-0.005573453750068796,3.8748847190887576,0.10215154349859681
GRPO_LA5,pooled,2,255,-0.07061418685121107,-0.093300100922722,-0.05028899942329872,2.307035755478662,0.03529411764705882
GRPO_LA5,pooled,3,3607,-0.001132601640600776,-0.00639153443467765,0.00378436944503336,3.906696130073876,0.12309398392015525
GRPO_LA5,pooled,4,266,-0.11036045997346308,-0.13423989661654137,-0.08627529301194165,2.271052631578947,0.04887218045112782
GRPO_LA5,pooled,5,44874,0.004168649342341562,0.0024771021441736198,0.005753443792947047,3.3725655364432177,0.1303427374426171
