arm,iteration,n_rounds,n_tied_rounds_dropped,n_patients,median_length,cos_delta_vs_advantage_direction,cos_direction_vs_length,split_half,per_round_cos_mean,win,win_lo,win_hi,rho,win_perp,win_perp_lo,win_perp_hi,rho_perp,win_adv,win_adv_lo,win_adv_hi,rho_adv,win_len,win_len_lo,win_len_hi,rho_len
GRPO_K0,1,1660,68,85,216.0,0.9953,-0.7459,0.9175,0.1218,0.6886,0.6463,0.727,0.2344,0.6651,0.6316,0.701,0.2057,0.6892,0.6482,0.7268,0.2351,0.3563,0.3203,0.3905,-0.157
GRPO_K0,2,729,23,83,220.0,0.9767,-0.3797,0.8026,0.0995,0.7092,0.6731,0.7477,0.2393,0.69,0.6511,0.729,0.2232,0.7037,0.6626,0.7442,0.2396,0.417,0.375,0.4583,-0.0973
GRPO_K0,3,1858,30,89,221.0,0.9912,-0.1327,0.8912,0.101,0.7083,0.6837,0.7339,0.2331,0.7078,0.6773,0.7352,0.2285,0.7061,0.6799,0.7374,0.2324,0.4981,0.4626,0.5299,0.0276
GRPO_K0,4,1539,61,89,306.0,0.9844,-0.2129,0.8622,0.0816,0.6498,0.6192,0.679,0.1677,0.6439,0.6169,0.6722,0.1633,0.6537,0.6252,0.6825,0.1677,0.4649,0.4341,0.4953,-0.0345
GRPO_K0,5,1789,99,91,314.0,0.9637,0.2782,0.6403,0.0391,0.6048,0.578,0.6345,0.1057,0.6126,0.5874,0.6384,0.1327,0.6082,0.5819,0.6325,0.1091,0.5098,0.4726,0.5443,-0.0005
GRPO_K0,6,1299,77,90,309.0,0.9417,0.0163,0.5948,0.0439,0.6212,0.5909,0.6558,0.1196,0.622,0.5904,0.6539,0.121,0.602,0.5676,0.6359,0.1112,0.4942,0.4556,0.532,-0.0049
GRPO_K0,7,1965,83,91,375.0,0.9592,0.5047,0.5961,0.037,0.5873,0.5509,0.6246,0.105,0.5842,0.5604,0.6083,0.1135,0.5959,0.5597,0.631,0.1135,0.5272,0.487,0.5666,0.0313
GRPO_K0,8,1203,45,90,830.0,0.9533,0.648,0.6903,0.0632,0.6293,0.5893,0.6748,0.1374,0.6068,0.5673,0.6477,0.1137,0.6209,0.5772,0.6702,0.1398,0.5623,0.5211,0.6061,0.0723
GRPO_K0,9,1200,80,90,976.0,0.9729,-0.8238,0.6953,0.0571,0.6092,0.5746,0.6465,0.1489,0.5567,0.5299,0.5839,0.0766,0.615,0.5774,0.6532,0.1465,0.3896,0.353,0.4311,-0.1355
GRPO_K0,10,2484,44,91,982.0,0.9884,0.7979,0.9064,0.0865,0.6707,0.6385,0.7013,0.2048,0.6357,0.6082,0.6611,0.1506,0.6828,0.6484,0.7148,0.2117,0.5626,0.5404,0.5844,0.0845
GRPO_K5,1,846,18,83,226.0,0.9686,-0.3722,0.6207,0.0475,0.5638,0.5199,0.6113,0.1207,0.5674,0.5267,0.6072,0.1262,0.5615,0.5191,0.605,0.1198,0.4669,0.4293,0.5073,-0.0371
GRPO_K5,2,1154,30,81,233.0,0.9796,-0.368,0.8001,0.0763,0.6213,0.5789,0.6627,0.16,0.6161,0.5755,0.6549,0.1534,0.6179,0.5764,0.6597,0.1574,0.4922,0.4574,0.5252,0.0005
GRPO_K5,3,1771,21,87,286.0,0.9837,-0.3265,0.8296,0.0712,0.6341,0.6055,0.6615,0.1518,0.6347,0.6063,0.6613,0.1519,0.6302,0.5997,0.6582,0.1515,0.5023,0.4678,0.5376,0.0251
GRPO_K5,4,1684,12,90,401.0,0.9836,0.0935,0.8414,0.0693,0.6407,0.6151,0.6676,0.158,0.6425,0.6171,0.6699,0.1603,0.6443,0.6196,0.6701,0.1598,0.5294,0.5059,0.5515,0.0389
GRPO_K5,5,1396,12,90,541.0,0.9758,0.158,0.7678,0.0556,0.6239,0.6014,0.6477,0.1243,0.6168,0.5945,0.6422,0.1227,0.634,0.6098,0.6594,0.1318,0.5412,0.5124,0.5713,0.0549
GRPO_K5,6,1107,13,91,876.0,0.9341,0.1483,0.4547,0.0282,0.5818,0.5466,0.6163,0.0907,0.5799,0.5438,0.6128,0.0856,0.5854,0.5534,0.6173,0.0941,0.5036,0.4726,0.5354,0.0263
GRPO_K5,7,1004,52,90,961.0,0.9148,0.0819,0.4279,0.0263,0.5647,0.5294,0.6008,0.0889,0.5737,0.5371,0.6097,0.093,0.5837,0.551,0.6183,0.0978,0.5159,0.479,0.552,0.0147
GRPO_K5,8,1650,110,92,999.0,0.8759,0.2785,0.2996,0.0149,0.5533,0.5286,0.5776,0.0519,0.5418,0.5179,0.5681,0.0514,0.5539,0.5257,0.5814,0.0574,0.5339,0.5081,0.5596,0.0258
GRPO_K5,9,1690,390,91,1012.0,0.8107,0.0553,0.101,0.0037,0.5201,0.4939,0.5478,0.0261,0.5266,0.5003,0.553,0.0248,0.5361,0.5107,0.5624,0.0423,0.4935,0.4727,0.5142,0.001
GRPO_K5,10,1833,343,90,1023.0,0.8074,0.2842,0.0664,0.0016,0.509,0.4852,0.5319,0.0104,0.4943,0.4689,0.5209,0.0029,0.5161,0.4921,0.542,0.0013,0.5177,0.4956,0.5413,0.0238
